T0,T2,T4,T6,T8,T10,T12,T14,T16,T18,T20,T22,T24,T26,T28,T30,T32,T34,T36,T38,T40,T42,T44,T46,T48,T50,T52,T54,T56,T58,T60,T62,T64,T66,T68,T70,T72,T74,T76,T78,T80,T82,T84,T86,T88,T90,T92,T94,T96,T98,T100,T102,T104,T106,T108,T110,T112,T114,T116,T118,T120,T122,T125,T126,T128,T130,T132,T134,T136,T138,T140,T142,T144,T146,T148,T150,T152,T154,T156,T158,T160,T162,T164,T166,T168,T170,T172,T174,T176,T178,T180,T182,T184,T186,T188,T190,T192,T194,T196,T198,T200,T202,T204,T206,T208,T210,T212,T214,T216,T218,T220,T222,T224,T226,T228,T230,T232,T234,T236,T238,T240,T242,T244,T246,T248,T250,T252,T254,T256,T258,T260,T262,T264,T266,T268,T270,T272,T274,T276,T278,T280,T282,T284,T286,T288,T290,T292,T294,T296,T298,T300,T302,T304,T306,T308,T310,T312,T314,T316,T318,T320,T322,T324,T326,T328,T330,T332,T334,T336,T338,T340,T342,T344,T346,T348,T350,T352,T354,T356,T358,T360,T362,T364,T366,T368,T370,T372,T374,T376,T378,T380,T382,T384,T386,T388,T390,T392,T394,T396,T398,T400,T402,T404,T406,T408,T410,T412,T414,T416,T418,T420,T422,T424,T426,T428,T430,T432,T434,T436,T438,T440,T442,T444,T446,T448,T450,T452,T454,T456,T458,T460,T462,T464,T466,T468,T470,T472,T474,T476,T478,T480
-3.4717,-3.2973,-3.4837,-3.8324,-3.9971,-4.4138,-4.6477,-4.94,-5.4629,-5.8931,-6.5397,-6.9486,-7.7236,-8.3297,-8.9201,-9.6447,-10.544,-11.319,-12.273,-12.869,-13.684,-14.672,-15.574,-16.025,-17.142,-17.971,-18.896,-19.54,-20.474,-21.435,-22.227,-23.179,-23.962,-24.929,-25.849,-26.512,-27.36,-28.071,-28.876,-29.48,-30.484,-31.342,-32.066,-32.975,-33.658,-34.361,-35.217,-35.801,-36.682,-37.191,-37.905,-38.623,-39.276,-39.972,-40.838,-41.169,-41.709,-42.57,-43.236,-43.844,-44.508,-45.052,-45.742,-46.536,-47.143,-47.731,-48.357,-48.989,-49.582,-50.113,-50.738,-51.421,-52.148,-52.767,-53.312,-53.971,-54.504,-54.942,-55.626,-56.166,-56.842,-57.229,-57.744,-58.272,-58.91,-59.321,-59.72,-60.315,-60.667,-61.412,-61.784,-62.301,-62.698,-63.181,-63.63,-64.243,-64.534,-64.89,-65.51,-66.168,-66.566,-66.998,-67.456,-67.958,-68.519,-69.025,-69.525,-69.888,-70.34,-70.804,-71.071,-71.628,-71.982,-72.534,-72.884,-73.329,-73.717,-74.223,-74.507,-74.996,-75.494,-75.904,-76.131,-76.718,-76.914,-77.289,-77.691,-77.903,-78.405,-78.835,-79.148,-79.571,-79.897,-80.146,-80.465,-80.836,-81.189,-81.38,-81.813,-82.299,-82.509,-82.76,-83.18,-83.445,-83.913,-84.118,-84.649,-85.063,-85.222,-85.364,-85.635,-86.045,-86.379,-86.819,-87.009,-87.243,-87.362,-87.616,-87.946,-87.977,-88.284,-88.484,-88.772,-89.051,-89.202,-89.261,-89.525,-89.723,-89.862,-90.026,-90.355,-90.443,-90.687,-90.73,-90.978,-91.206,-91.419,-91.394,-91.735,-91.794,-92.14,-92.236,-92.308,-92.396,-92.472,-92.614,-92.715,-92.981,-93.106,-93.136,-93.33,-93.535,-93.622,-93.467,-93.637,-93.701,-94.044,-93.921,-94.127,-94.271,-94.311,-94.284,-94.401,-94.329,-94.258,-94.405,-94.586,-94.574,-94.559,-94.931,-95.03,-95.1,-95.002,-94.916,-94.937,-94.944,-95.006,-95.079,-95.109,-95.011,-95.119,-95.075,-95.137,-95.205,-95.238,-95.257,-95.304,-95.402,-95.519,-95.376,-95.449,-95.503,-95.568,-95.57,-95.554,-95.74,-95.859,-95.846,-95.81,-95.985,-95.967
-3.9243,-4.1068,-4.0559,-4.1955,-4.2935,-4.5356,-4.9223,-5.2457,-5.5971,-5.8999,-6.1434,-6.6733,-6.9014,-7.5466,-8.0077,-8.3959,-8.7834,-9.3773,-9.8818,-10.502,-11.141,-11.801,-12.305,-12.818,-13.592,-14.161,-15.022,-15.342,-16.059,-16.675,-17.457,-18.453,-19.111,-19.915,-20.607,-21.012,-21.775,-22.677,-23.546,-24.047,-25.123,-25.93,-26.861,-27.574,-28.51,-29.406,-30.092,-30.902,-31.909,-32.502,-33.525,-33.981,-34.874,-35.465,-36.392,-37.208,-37.845,-38.638,-39.458,-40.161,-40.79,-41.386,-41.937,-42.846,-43.601,-44.303,-44.793,-45.647,-46.48,-46.976,-47.754,-48.466,-49.081,-49.7,-50.411,-51.143,-51.633,-52.219,-52.914,-53.578,-54.335,-54.647,-55.308,-56.069,-56.775,-57.1,-57.883,-58.678,-59,-59.64,-60.296,-60.896,-61.238,-61.848,-62.529,-62.856,-63.434,-63.972,-64.391,-64.868,-65.522,-65.781,-66.487,-66.938,-67.413,-67.899,-68.506,-68.917,-69.466,-69.803,-70.341,-70.645,-71.224,-71.558,-72.071,-72.568,-73.052,-73.485,-74.223,-74.447,-74.597,-75.212,-75.66,-76.156,-76.597,-76.938,-77.248,-77.659,-77.926,-78.193,-78.633,-79.153,-79.166,-79.639,-79.781,-80.089,-80.429,-80.59,-80.94,-81.026,-81.324,-81.55,-82.032,-82.003,-82.412,-82.611,-82.932,-83.301,-83.387,-83.755,-83.598,-83.973,-84.307,-84.405,-84.524,-84.784,-85.054,-85.134,-85.136,-85.439,-85.563,-85.709,-85.879,-85.992,-86.095,-86.149,-86.448,-86.536,-86.451,-86.695,-86.751,-86.783,-87.06,-87.229,-87.124,-87.348,-87.36,-87.539,-87.628,-87.816,-87.621,-87.898,-87.725,-87.956,-88.114,-88.235,-88.117,-88.404,-88.45,-88.395,-88.55,-88.894,-88.8,-88.888,-88.917,-89.206,-89.119,-89.149,-89.436,-89.402,-89.636,-89.544,-89.537,-89.522,-89.62,-90.011,-89.965,-89.897,-89.821,-89.972,-90.071,-90.138,-90.228,-90.139,-90.353,-90.601,-90.554,-90.881,-90.826,-90.654,-90.717,-90.799,-90.93,-90.842,-91.178,-91.287,-91.265,-91.464,-91.657,-91.6,-91.697,-91.697,-92.019,-91.974,-92.12,-92.209,-92.246,-92.432,-92.452,-92.303,-92.495
-7.4022,-7.447,-7.6809,-7.7515,-8.2363,-8.7546,-9.1621,-9.9663,-10.264,-10.847,-11.835,-12.395,-13.118,-13.772,-14.695,-15.516,-16.46,-17.347,-17.986,-19.031,-20.076,-20.788,-21.927,-22.833,-23.803,-24.647,-25.486,-26.355,-27.266,-28.387,-29.124,-29.933,-30.812,-31.52,-32.607,-33.32,-34.355,-35.021,-35.973,-36.892,-37.663,-38.233,-39.279,-40.028,-40.864,-41.413,-42.298,-42.773,-43.85,-44.697,-45.225,-45.846,-46.42,-47.342,-47.946,-48.515,-49.104,-49.841,-50.631,-51.493,-51.674,-52.5,-53.008,-53.776,-54.21,-55.042,-55.609,-56.057,-56.817,-57.477,-58.019,-58.512,-59.319,-60.087,-60.592,-61.258,-62.023,-62.501,-63.018,-63.808,-64.185,-64.809,-65.401,-65.899,-66.322,-66.832,-67.566,-68.177,-68.624,-69.035,-69.486,-69.937,-70.426,-70.882,-71.364,-71.729,-72.124,-72.64,-73.153,-73.494,-73.927,-74.286,-74.804,-75.422,-75.865,-75.938,-76.868,-77.163,-77.641,-78.014,-78.117,-78.61,-78.825,-79.463,-79.601,-79.812,-80.096,-80.464,-80.789,-80.941,-81.391,-81.544,-81.752,-82.099,-82.477,-82.717,-82.892,-83.298,-83.495,-83.671,-83.969,-84.261,-84.679,-84.798,-85.107,-85.661,-85.59,-85.7,-86.107,-86.165,-86.559,-86.784,-87.085,-87.311,-87.447,-87.487,-87.801,-87.793,-88.179,-88.526,-88.714,-88.847,-89.039,-89.312,-89.584,-89.593,-89.876,-89.839,-90.507,-90.597,-90.877,-91.031,-91.109,-91.273,-91.45,-91.839,-91.979,-91.94,-92.289,-92.713,-92.803,-92.932,-93.384,-93.329,-93.556,-93.822,-94.122,-94.282,-94.682,-94.701,-94.72,-95.087,-95.412,-95.599,-95.679,-96.03,-96.17,-96.307,-96.638,-96.728,-96.9,-97.169,-97.462,-97.303,-97.457,-97.607,-97.979,-97.96,-98.244,-98.601,-98.688,-99.255,-99.294,-99.414,-99.634,-99.706,-100.05,-100.4,-100.28,-100.45,-100.5,-100.72,-100.85,-101.27,-101.17,-101.27,-101.49,-101.5,-101.73,-101.72,-101.89,-102.02,-102.02,-102.12,-102.29,-102.36,-102.59,-102.85,-102.94,-102.8,-102.84,-103.06,-103.27,-103.3,-103.51,-103.6,-103.81,-103.93,-103.72,-103.86,-104
-11.055,-11.047,-11.119,-10.865,-10.914,-11.274,-11.245,-11.277,-11.25,-11.583,-11.678,-11.785,-12.106,-12.324,-12.762,-13.198,-13.154,-13.474,-14.089,-14.426,-14.644,-14.873,-15.34,-15.668,-15.841,-16.482,-16.764,-17.297,-17.689,-17.731,-18.308,-18.985,-19.643,-20.051,-20.59,-20.826,-21.377,-22.112,-22.785,-23.291,-23.72,-24.493,-24.903,-25.59,-26.123,-26.627,-27.198,-27.916,-28.56,-29.095,-29.969,-30.284,-30.875,-31.379,-31.936,-32.86,-33.621,-34.162,-34.754,-35.579,-36.356,-36.638,-37.451,-38.116,-38.886,-39.71,-40.586,-40.961,-41.802,-42.623,-43.263,-44.073,-44.705,-45.405,-46.227,-46.777,-47.665,-48.273,-48.942,-49.86,-50.554,-51.01,-52.018,-52.724,-53.145,-53.799,-54.451,-55.146,-56.16,-56.701,-57.65,-58.093,-58.82,-59.786,-59.997,-60.955,-61.331,-62.151,-62.819,-63.376,-63.922,-64.867,-65.26,-65.847,-66.765,-67.227,-67.731,-68.571,-69.307,-69.675,-70.307,-70.896,-71.366,-72.21,-72.74,-73.236,-73.972,-74.239,-74.816,-75.458,-76.175,-76.523,-76.996,-77.571,-77.896,-78.29,-78.925,-79.255,-79.696,-80.135,-80.729,-81.152,-81.865,-82.15,-82.662,-82.905,-83.314,-83.757,-84.402,-84.452,-85.065,-85.416,-86.04,-86.201,-86.772,-86.996,-87.48,-88.046,-88.318,-88.672,-88.791,-89.367,-89.635,-90.028,-90.664,-91.122,-91.308,-91.564,-91.952,-92.24,-92.625,-93.13,-93.292,-93.777,-94.309,-94.519,-94.846,-95.025,-95.227,-95.798,-96.112,-96.386,-96.618,-96.919,-97.099,-97.614,-97.838,-98.052,-98.174,-98.631,-98.987,-99.055,-99.343,-99.689,-99.857,-100.02,-100.37,-100.44,-100.62,-101,-101.14,-101.34,-101.44,-101.96,-101.83,-102.32,-102.42,-102.22,-102.57,-102.83,-102.8,-103.14,-103.25,-103.65,-103.67,-103.58,-104.04,-103.89,-103.77,-104.01,-104.14,-103.97,-104.24,-104.18,-104.35,-104.41,-104.6,-104.53,-104.69,-104.64,-104.7,-105.02,-104.69,-104.72,-104.77,-104.81,-104.64,-104.65,-104.94,-104.8,-104.61,-104.6,-104.55,-104.53,-104.53,-104.36,-104.44,-104.29,-104.41,-104.28,-104.21
-5.0697,-5.1864,-5.043,-5.4597,-5.8597,-6.3028,-7.1255,-7.4619,-8.3286,-8.8033,-9.7265,-10.791,-11.779,-12.332,-13.492,-14.585,-15.678,-16.727,-17.955,-19.101,-20.226,-21.375,-22.675,-23.858,-25.091,-26.122,-27.322,-28.556,-29.358,-30.675,-31.585,-32.698,-33.58,-34.64,-35.493,-36.559,-37.4,-38.325,-39.268,-40.199,-40.94,-42.132,-43.133,-44.022,-44.89,-45.764,-47.025,-47.88,-48.632,-49.481,-50.147,-51.12,-52.096,-52.939,-53.586,-54.542,-55.245,-56.242,-56.697,-57.401,-58.114,-58.944,-59.784,-60.385,-60.95,-61.756,-62.497,-63.08,-63.7,-64.356,-65.014,-65.455,-66.229,-66.747,-67.478,-67.972,-68.777,-69.356,-69.908,-70.409,-71.122,-71.708,-72.204,-72.922,-73.402,-73.978,-74.665,-75.099,-75.632,-76.167,-76.74,-77.351,-77.759,-78.294,-78.932,-79.457,-79.998,-80.397,-80.876,-81.357,-81.888,-82.368,-82.94,-83.207,-83.678,-84.14,-84.789,-85.156,-85.362,-85.674,-86.207,-86.811,-87.143,-87.494,-87.886,-88.418,-88.701,-89.255,-89.735,-90.126,-90.51,-90.915,-91.455,-91.664,-91.969,-92.461,-92.869,-93.271,-93.527,-93.96,-94.234,-94.495,-94.789,-94.885,-95.173,-95.431,-95.605,-95.727,-95.988,-96.357,-96.489,-96.921,-97.116,-97.52,-97.603,-98.002,-98.434,-98.59,-98.893,-99.189,-99.455,-99.609,-99.937,-100.1,-100.32,-100.47,-100.7,-100.75,-101.08,-101.16,-101.52,-101.57,-101.77,-102.01,-102.17,-102.42,-102.39,-102.84,-102.87,-102.87,-103.09,-103.26,-103.43,-103.57,-103.75,-103.96,-103.99,-104.03,-104.3,-104.27,-104.31,-104.52,-104.59,-104.86,-104.97,-105.11,-105.16,-105.22,-105.51,-105.38,-105.6,-105.67,-105.64,-105.77,-105.94,-105.97,-105.95,-106.11,-106.36,-106.2,-106.4,-106.5,-106.51,-106.7,-106.61,-106.69,-106.77,-106.65,-106.96,-106.92,-107.01,-107.12,-107.2,-107.3,-107.27,-107.22,-107.45,-107.55,-107.58,-107.4,-107.47,-107.58,-107.59,-107.65,-107.72,-107.67,-107.58,-107.6,-107.72,-107.68,-107.79,-107.77,-107.89,-108.02,-108.17,-108.34,-108.31,-108.42,-108.49,-108.38,-108.45
5.1926,5.3676,5.1018,4.8896,3.9455,3.434,2.5305,1.8841,1.1394,0.12565,-0.7945,-1.5589,-2.3704,-3.5434,-4.5057,-5.5834,-6.6111,-7.7473,-8.7888,-9.7522,-10.943,-12.453,-13.494,-14.338,-15.433,-16.654,-17.801,-18.894,-19.951,-21.298,-22.422,-23.611,-24.827,-26.05,-27.223,-28.538,-29.651,-30.447,-31.601,-32.785,-34.192,-34.898,-36.201,-37.196,-38.119,-39.241,-40.157,-40.958,-41.737,-42.447,-43.291,-44.126,-44.981,-45.666,-46.292,-46.933,-47.495,-48.041,-48.875,-49.195,-49.59,-50.02,-51.037,-51.472,-51.771,-52.637,-53.307,-53.614,-54.106,-55.052,-55.645,-56.311,-56.876,-57.44,-57.88,-58.532,-59.336,-59.592,-59.76,-60.479,-61.198,-61.477,-62.208,-62.526,-63.198,-63.795,-64.299,-64.718,-65.145,-65.779,-66.081,-66.778,-67.294,-67.95,-68.451,-68.72,-68.932,-69.186,-69.873,-70.079,-70.873,-71.243,-71.757,-72.046,-72.763,-73.357,-74.028,-74.683,-75.128,-75.417,-75.609,-76.169,-76.466,-76.502,-76.959,-77.377,-77.588,-78.068,-77.785,-78.312,-78.332,-78.877,-79.312,-79.207,-79.655,-79.957,-80.278,-81.01,-81.135,-81.441,-81.601,-81.921,-82.378,-82.489,-83.009,-83.161,-83.831,-84.098,-84.38,-84.777,-84.856,-85.414,-85.559,-85.967,-86.472,-86.579,-87.178,-87.485,-87.809,-88.308,-88.428,-89.134,-89.392,-89.84,-89.814,-90.356,-90.458,-90.625,-90.91,-91.173,-91.513,-91.957,-92.334,-92.822,-92.643,-93.127,-93.484,-93.702,-94.205,-94.332,-94.394,-94.628,-94.787,-94.946,-95.193,-95.493,-95.652,-96.038,-95.958,-96.167,-96.21,-96.371,-96.819,-96.846,-96.926,-97.02,-97.233,-97.629,-97.811,-97.596,-97.767,-98.186,-98.23,-98.299,-98.318,-98.578,-98.589,-98.901,-98.785,-99.164,-99.236,-99.338,-99.498,-99.631,-99.851,-99.913,-99.75,-100.11,-100.06,-100.21,-100.3,-100.72,-100.52,-100.81,-100.31,-100.77,-100.69,-100.94,-100.57,-100.7,-101,-100.98,-101.18,-101.12,-101.25,-101.33,-101.31,-101.36,-101.22,-101.39,-101.37,-101.36,-101.38,-101.46,-101.58,-101.65,-101.66,-101.85,-101.97,-102.07,-102.13
-6.4025,-6.5363,-6.5407,-7.0176,-7.4877,-7.9522,-8.4089,-8.9813,-9.6338,-10.659,-11.344,-12.307,-13.358,-14.583,-15.512,-16.443,-17.712,-18.389,-19.774,-20.897,-21.904,-22.824,-24.08,-24.93,-25.917,-26.808,-28.005,-28.867,-29.866,-30.755,-31.561,-32.943,-33.584,-34.257,-35.091,-36.045,-36.822,-37.778,-38.724,-39.452,-40.475,-41.332,-42.345,-43.083,-43.902,-44.856,-45.611,-46.541,-47.405,-48.321,-49.292,-50.056,-51.138,-51.956,-52.672,-53.425,-54.25,-55.288,-56.01,-56.869,-57.498,-58.477,-59.369,-60.148,-61.047,-61.909,-62.707,-63.742,-64.457,-65.368,-66.092,-66.936,-67.839,-68.742,-69.135,-69.833,-70.579,-71.559,-72.19,-72.802,-73.754,-74.291,-74.873,-75.623,-76.235,-77.063,-77.58,-78.224,-78.818,-79.649,-80.212,-80.766,-81.282,-81.864,-82.487,-83.071,-83.597,-84.12,-84.736,-85.285,-85.681,-86.499,-86.861,-87.387,-87.75,-88.211,-88.865,-89.232,-89.508,-90.169,-90.401,-90.604,-90.875,-91.335,-91.638,-91.815,-92.34,-92.544,-92.953,-93.266,-93.736,-94.015,-94.31,-94.61,-94.817,-95.09,-95.355,-95.485,-95.955,-96.174,-96.269,-96.458,-96.885,-96.957,-97.162,-96.918,-97.193,-97.39,-97.636,-97.613,-97.789,-97.852,-97.902,-98.077,-98.296,-98.243,-98.264,-98.382,-98.402,-98.658,-98.635,-98.891,-99.042,-99.353,-99.552,-99.545,-99.754,-99.802,-100.21,-100.04,-99.985,-100.11,-100.18,-100.14,-100.32,-100.44,-100.44,-100.77,-100.79,-100.64,-100.77,-100.87,-100.92,-100.88,-100.69,-100.57,-100.74,-100.71,-100.88,-100.8,-100.93,-100.98,-101.07,-101.07,-101.16,-101,-100.99,-101.09,-100.97,-101.2,-101.27,-101.29,-101.23,-101.41,-101.16,-101.41,-101.47,-101.49,-101.63,-101.6,-102.08,-102.03,-102.14,-102.15,-102.45,-102.24,-102.45,-102.22,-102.14,-102.4,-102.3,-102.17,-102.06,-101.91,-102.06,-102.08,-102.13,-102.26,-102.2,-102.32,-102.32,-102.42,-102.4,-102.57,-102.46,-102.49,-102.52,-102.62,-102.67,-102.37,-102.4,-102.46,-102.44,-102.27,-102.28,-102.25,-102.21,-102.34,-102.1,-102.12,-102.25
-13.906,-14.01,-14.227,-14.774,-15.464,-16.153,-16.932,-17.991,-19.063,-20.163,-21.333,-22.512,-24.148,-25.358,-26.71,-27.854,-29.377,-30.781,-32.14,-33.643,-34.814,-36.351,-37.445,-38.718,-39.861,-40.939,-42.187,-43.126,-44.217,-45.152,-46.277,-47.277,-48.217,-48.987,-49.922,-50.775,-51.531,-52.47,-53.401,-54.049,-54.827,-55.378,-56.235,-57.161,-57.994,-58.778,-59.626,-60.157,-61.02,-61.642,-62.145,-62.959,-63.55,-64.206,-64.551,-65.258,-65.972,-66.311,-66.883,-67.367,-67.981,-68.53,-69.002,-69.412,-69.94,-70.512,-71.094,-71.581,-72.091,-72.447,-72.927,-73.214,-73.593,-74.034,-74.537,-75.037,-75.187,-75.864,-76.422,-76.65,-77.066,-77.351,-77.728,-77.894,-78.16,-78.703,-78.747,-79.106,-79.334,-79.652,-79.993,-80.234,-80.481,-80.793,-81.086,-81.367,-81.495,-81.558,-81.916,-81.985,-82.393,-82.515,-82.54,-82.811,-82.86,-83.108,-83.573,-83.706,-83.908,-84.029,-84.131,-84.501,-84.64,-84.689,-84.944,-85.283,-85.429,-85.554,-85.809,-85.892,-86.064,-86.127,-86.374,-86.664,-86.925,-86.984,-87.11,-87.155,-87.493,-87.773,-87.913,-88.115,-88.278,-88.497,-88.563,-88.771,-88.707,-89.127,-89.385,-89.498,-89.682,-89.84,-90.129,-90.3,-90.319,-90.463,-90.737,-91.032,-91.116,-91.302,-91.392,-91.554,-91.762,-91.906,-91.818,-92.102,-92.192,-92.192,-92.392,-92.59,-92.53,-92.666,-92.697,-92.829,-92.885,-92.972,-93.018,-93.079,-93.109,-93.225,-93.447,-93.61,-93.832,-93.968,-94.201,-94.267,-94.365,-94.428,-94.39,-94.627,-94.694,-94.596,-94.996,-94.92,-94.969,-95.176,-95.145,-95.265,-95.36,-95.407,-95.379,-95.416,-95.663,-95.579,-95.668,-95.589,-95.848,-95.901,-96.169,-95.883,-96.082,-96.106,-96.253,-96.361,-96.489,-96.447,-96.557,-96.858,-96.732,-96.885,-97.164,-97.312,-97.347,-97.538,-97.608,-97.649,-97.728,-97.84,-97.909,-97.887,-97.761,-97.925,-97.955,-97.992,-98.418,-98.314,-98.422,-98.326,-98.307,-98.403,-98.554,-98.622,-98.627,-98.647,-98.895,-98.843,-99.081,-98.936,-98.892,-99.109,-98.998
2.9682,2.9002,2.7368,2.5208,2.2842,2.1385,1.5771,1.1714,0.76958,0.22512,-0.42513,-1.1487,-1.6274,-2.5082,-3.2034,-4.1872,-5.1518,-6.1877,-7.3055,-8.3586,-9.7036,-10.679,-11.85,-13.045,-14.351,-15.414,-16.543,-17.794,-18.942,-19.961,-20.977,-22.408,-23.417,-24.856,-25.764,-26.637,-27.794,-29.002,-29.847,-31.05,-31.984,-33.095,-33.831,-34.871,-35.684,-36.682,-37.595,-38.608,-39.227,-40.1,-40.905,-41.666,-42.32,-42.975,-43.494,-44.304,-44.751,-45.488,-45.879,-46.621,-46.942,-47.33,-48.088,-48.677,-49.205,-49.59,-49.931,-50.391,-50.869,-51.299,-51.962,-52.299,-52.779,-53.132,-53.627,-54.08,-54.574,-54.809,-55.083,-55.789,-56.074,-56.196,-56.812,-57.195,-57.533,-57.777,-58.319,-58.489,-58.915,-59.075,-59.566,-59.884,-60.057,-60.568,-60.877,-60.725,-61.455,-61.557,-61.798,-62.086,-62.352,-62.628,-62.75,-63.058,-63.448,-63.503,-63.886,-63.982,-64.281,-64.441,-64.667,-64.872,-65.068,-65.281,-65.49,-65.647,-65.722,-66.056,-66.18,-66.378,-66.574,-66.725,-66.972,-67.099,-67.418,-67.825,-67.858,-67.984,-68.204,-68.313,-68.496,-68.683,-68.657,-68.898,-69.077,-69.223,-69.37,-69.667,-69.717,-69.965,-70.155,-70.436,-70.528,-70.667,-70.976,-70.987,-71.35,-71.557,-71.568,-71.834,-71.941,-71.978,-72.211,-72.416,-72.371,-72.611,-72.796,-72.828,-73.235,-73.395,-73.481,-73.497,-73.991,-74.135,-74.163,-74.342,-74.505,-74.576,-74.649,-74.826,-75.082,-75.202,-75.211,-75.199,-75.434,-75.438,-75.513,-75.595,-75.684,-75.812,-75.903,-76.086,-76.165,-76.189,-76.677,-76.7,-76.784,-77.012,-77.011,-77.079,-77.439,-77.271,-77.48,-77.551,-77.796,-77.915,-78.138,-78.107,-78.283,-78.304,-78.348,-78.453,-78.647,-78.693,-78.815,-78.869,-78.96,-78.993,-79.113,-79.258,-79.274,-79.137,-79.421,-79.395,-79.416,-79.479,-79.851,-79.725,-79.657,-79.851,-79.831,-79.986,-79.959,-80.15,-80.041,-80.215,-80.233,-80.266,-80.245,-80.405,-80.468,-80.611,-80.639,-80.726,-80.786,-80.853,-80.811,-81.094,-81.065,-81.118,-81.123
-15.546,-15.411,-15.914,-16.569,-17.247,-18.063,-18.889,-19.825,-21.083,-22.558,-23.412,-24.856,-26.115,-27.646,-29.171,-30.355,-31.808,-33.014,-34.423,-35.49,-36.772,-37.817,-38.916,-39.869,-41.033,-41.829,-42.704,-43.587,-44.652,-45.582,-46.426,-47.051,-47.898,-48.691,-49.47,-50.391,-51.163,-51.807,-52.561,-53.051,-53.977,-54.545,-55.49,-56.286,-56.976,-57.637,-58.446,-59.054,-59.938,-60.518,-61.091,-61.954,-62.575,-63.26,-64.011,-64.406,-65.131,-65.753,-66.461,-67.088,-67.789,-68.419,-68.908,-69.903,-70.338,-70.974,-71.439,-72.179,-72.744,-73.241,-73.703,-74.519,-74.917,-75.365,-76.2,-76.893,-77.581,-77.981,-78.685,-79.036,-79.79,-80.342,-80.711,-81.011,-81.365,-81.897,-82.606,-83.289,-83.624,-84.183,-84.548,-85.071,-85.35,-86.02,-86.555,-86.897,-87.139,-87.594,-87.574,-88.023,-88.398,-88.696,-89.105,-89.396,-89.903,-90.33,-90.365,-90.767,-91.121,-91.524,-91.966,-92.362,-92.408,-92.742,-93.313,-93.477,-93.783,-94.032,-94.568,-95.058,-95.312,-95.683,-95.591,-96.004,-96.467,-96.676,-97.203,-97.518,-97.895,-98.528,-98.213,-98.557,-98.985,-99.177,-99.739,-99.881,-100.23,-100.71,-101.13,-101.22,-101.47,-102.13,-102.58,-102.55,-102.71,-103.14,-103.1,-103.74,-103.82,-104.04,-104.15,-104.44,-104.68,-104.75,-105.16,-105.1,-105.34,-105.57,-105.88,-105.79,-105.96,-106.53,-106.36,-106.44,-106.71,-106.88,-106.95,-107.27,-107.55,-107.58,-107.62,-108.17,-108.11,-108.14,-108.57,-108.55,-108.73,-108.76,-109.04,-109.22,-109.38,-109.38,-109.44,-109.52,-109.54,-109.44,-109.59,-109.76,-109.89,-109.79,-109.88,-110.01,-110.16,-110.28,-110.16,-110.14,-110.1,-110.13,-110.47,-110.46,-110.52,-110.52,-110.48,-110.76,-110.72,-110.53,-110.67,-110.73,-110.5,-110.72,-110.73,-110.55,-110.83,-110.65,-110.77,-110.68,-111.04,-111.13,-110.85,-110.87,-110.94,-110.97,-110.95,-111.05,-111.17,-111.06,-111.02,-110.99,-110.88,-110.9,-111.02,-110.82,-111.02,-110.83,-110.82,-110.64,-110.8,-110.91,-110.86,-110.97,-111.1
-16.244,-16.789,-16.706,-17.516,-18.046,-18.249,-18.849,-19.373,-19.951,-20.773,-21.396,-22.467,-23.101,-24.055,-24.838,-26.043,-26.6,-27.883,-28.738,-29.348,-30.363,-31.413,-32.357,-33.179,-34.02,-35.072,-35.722,-36.781,-37.45,-38.077,-39.231,-39.942,-40.853,-41.328,-42.39,-43.026,-43.842,-44.295,-45.256,-45.776,-46.615,-47.009,-47.684,-48.299,-48.917,-49.289,-49.626,-50.133,-51.008,-51.474,-51.923,-52.448,-52.872,-53.507,-54.101,-54.326,-55.001,-55.73,-56.322,-56.712,-57.49,-57.943,-58.694,-59.147,-59.596,-60.061,-60.818,-61.413,-61.885,-62.256,-62.755,-63.137,-63.567,-63.923,-64.53,-65.017,-65.375,-65.775,-65.915,-66.195,-66.662,-66.862,-67.201,-67.654,-67.82,-68.34,-68.35,-68.856,-69.057,-69.301,-69.422,-69.967,-69.757,-70.328,-70.686,-71.036,-71.472,-71.678,-72.084,-72.381,-72.914,-72.827,-72.832,-73.389,-73.363,-73.627,-73.785,-74.254,-74.245,-74.343,-74.779,-75.045,-74.795,-74.972,-75.316,-75.441,-75.312,-75.922,-76.242,-76.252,-76.347,-76.517,-76.884,-76.876,-77.228,-77.312,-77.134,-77.39,-77.43,-77.628,-77.35,-77.716,-77.762,-77.906,-77.963,-78.333,-78.38,-78.705,-78.315,-78.923,-78.968,-79.025,-79.229,-79.427,-79.232,-79.047,-79.632,-79.447,-79.571,-79.565,-79.869,-79.993,-80.231,-80.436,-80.334,-80.459,-80.381,-80.536,-80.436,-80.581,-80.757,-80.949,-80.855,-81.023,-81.096,-81.192,-81.378,-81.683,-81.955,-81.782,-82.573,-82.3,-82.244,-82.605,-82.569,-82.902,-83.04,-83.137,-83.325,-83.873,-83.734,-83.719,-83.769,-84.155,-84.336,-84.22,-84.256,-84.371,-84.659,-84.597,-84.728,-85.041,-85.251,-85.394,-85.489,-85.32,-85.427,-85.515,-85.47,-85.515,-85.632,-85.704,-86.038,-86.054,-86.132,-86.292,-86.184,-86.315,-86.256,-86.064,-86.37,-86.517,-86.558,-86.563,-86.756,-87.022,-86.758,-86.862,-87.158,-87.383,-87.023,-87.505,-87.486,-87.412,-87.554,-87.603,-87.457,-87.594,-87.745,-87.885,-87.956,-87.975,-88.106,-88.513,-88.358,-88.689,-88.517,-88.449,-88.435,-88.499,-88.583
-10.418,-10.567,-10.485,-10.613,-10.891,-11.228,-11.424,-12.01,-12.488,-12.925,-13.266,-13.639,-14.368,-14.855,-15.613,-15.931,-16.596,-17.364,-18.19,-19.039,-19.518,-20.226,-21.259,-22.073,-23.048,-24.106,-25.014,-26.103,-26.715,-27.965,-28.961,-29.619,-30.949,-31.736,-32.961,-34.085,-35.026,-36.294,-37.559,-38.66,-39.625,-40.699,-41.756,-42.612,-43.515,-44.111,-44.916,-45.446,-46.334,-46.993,-47.605,-48.263,-48.715,-49.746,-50.463,-51.313,-52.065,-52.594,-53.532,-54.243,-54.752,-55.494,-56.251,-56.783,-57.691,-58.156,-59.029,-59.533,-60.225,-60.719,-61.327,-62.126,-62.859,-63.337,-63.733,-64.661,-65.11,-65.642,-66.296,-66.739,-67.111,-67.537,-68.333,-68.948,-69.043,-69.586,-69.923,-70.462,-70.887,-71.229,-71.542,-72.172,-72.634,-72.922,-73.216,-73.618,-74.051,-74.478,-74.915,-75.097,-75.3,-75.731,-76.129,-76.136,-76.66,-77.154,-77.429,-77.743,-77.942,-78.185,-78.603,-78.736,-79.022,-79.32,-79.652,-80.1,-80.423,-80.35,-80.641,-80.886,-81.155,-81.255,-81.486,-81.57,-81.632,-81.94,-82.016,-82.316,-82.434,-82.611,-82.979,-82.925,-83.322,-83.229,-83.672,-83.774,-84.124,-84.321,-84.633,-84.687,-84.698,-85.053,-85.245,-85.544,-85.653,-85.8,-86.139,-86.336,-86.413,-86.93,-86.787,-87.179,-86.836,-87.15,-87.595,-87.492,-87.89,-88.037,-88.16,-88.409,-88.505,-88.655,-89.238,-89.216,-89.323,-89.508,-89.757,-90.064,-90.201,-90.402,-90.6,-90.735,-90.788,-90.809,-91.09,-91.282,-91.391,-91.318,-91.48,-91.632,-91.634,-91.83,-91.982,-92.337,-92.618,-92.437,-92.641,-92.811,-92.734,-92.747,-92.873,-93.104,-93.197,-93.267,-93.404,-93.568,-93.56,-93.573,-93.761,-93.896,-94.002,-94.172,-93.991,-94.193,-94.267,-94.462,-94.334,-94.617,-94.529,-94.636,-94.702,-94.716,-94.964,-94.949,-95.035,-95.097,-95.318,-95.35,-95.475,-95.57,-95.543,-95.584,-95.581,-95.46,-95.767,-95.932,-95.747,-95.971,-96.028,-95.964,-96.037,-96.235,-96.309,-96.28,-96.506,-96.533,-96.361,-96.534,-96.515,-96.416,-96.492
-5.923,-5.9059,-5.8895,-6.0087,-6.2584,-6.9642,-7.4629,-7.812,-8.5533,-8.995,-9.5524,-10.161,-10.744,-11.705,-12.114,-12.97,-13.595,-14.609,-15.256,-16.032,-16.903,-17.667,-18.571,-19.096,-20.027,-21.168,-21.932,-22.616,-23.544,-24.053,-25.148,-25.939,-26.51,-27.409,-28.315,-28.994,-29.887,-30.49,-31.166,-32.139,-32.942,-33.928,-34.67,-35.394,-36.246,-37.177,-37.742,-38.544,-39.211,-40.202,-40.769,-41.65,-42.468,-43.135,-43.878,-44.763,-45.4,-46.157,-47.063,-47.827,-48.72,-49.406,-50.084,-50.84,-51.797,-52.38,-53.209,-53.781,-54.64,-55.254,-55.959,-56.536,-57.273,-57.837,-58.627,-59.344,-59.982,-60.698,-61.37,-61.981,-62.866,-63.311,-63.99,-64.589,-65.359,-66.098,-66.587,-67.148,-67.889,-68.634,-69.053,-69.842,-70.406,-71.019,-71.695,-72.186,-72.738,-73.266,-73.936,-74.53,-74.902,-75.71,-76.141,-76.564,-77.337,-77.871,-78.2,-78.727,-79.362,-79.717,-80.085,-80.635,-80.995,-81.606,-82.036,-82.464,-82.904,-83.545,-84.026,-84.494,-84.903,-85.278,-85.683,-85.854,-86.452,-86.911,-87.191,-87.632,-88.155,-88.509,-88.499,-88.903,-89.541,-89.749,-90.072,-90.557,-90.907,-91.265,-91.336,-91.581,-92.027,-92.384,-92.713,-92.901,-93.049,-93.481,-93.755,-93.918,-94.191,-94.556,-94.801,-95.148,-95.362,-95.604,-95.775,-95.974,-95.925,-95.98,-96.352,-96.36,-96.452,-96.703,-96.906,-97.05,-97.085,-97.178,-97.284,-97.385,-97.437,-97.616,-97.804,-97.859,-97.924,-98.039,-98.124,-98.128,-98.26,-98.456,-98.523,-98.521,-98.384,-98.558,-98.794,-98.75,-98.804,-98.776,-99.124,-99.009,-99.048,-98.895,-99.008,-99.126,-99.138,-99,-99.122,-99.03,-99.184,-99.245,-99.05,-99.107,-99.079,-99.14,-99.053,-98.92,-99.037,-99.169,-98.902,-98.932,-98.963,-98.906,-98.997,-99.125,-99.166,-99.104,-99.045,-98.99,-98.864,-99.141,-99.179,-99.127,-99.08,-99.112,-99.126,-99.142,-99.095,-99.124,-98.9,-98.954,-98.916,-99.069,-98.894,-98.825,-98.81,-98.598,-98.641,-98.55,-98.596,-98.651,-98.588,-98.483,-98.369
-1.3908,-1.2108,-1.4717,-1.8523,-1.9311,-2.4408,-2.672,-2.8812,-2.9823,-3.4134,-3.8525,-4.1096,-4.4445,-4.7797,-5.3975,-5.8708,-6.4518,-6.7472,-7.4607,-7.9434,-8.5954,-8.878,-9.5091,-10.223,-10.866,-11.249,-11.672,-12.025,-12.618,-13.211,-13.516,-14.116,-14.525,-14.908,-15.417,-15.625,-16.272,-16.514,-16.9,-17.418,-17.7,-18.3,-18.771,-19.152,-19.641,-20.372,-20.644,-21.305,-21.873,-22.167,-22.686,-23.305,-23.744,-24.648,-25.074,-25.633,-26.093,-26.658,-27.19,-27.586,-28.086,-28.459,-28.858,-29.501,-29.875,-30.242,-30.666,-30.968,-31.355,-31.888,-32.293,-32.694,-33.135,-33.779,-33.949,-34.282,-34.698,-35.724,-35.664,-35.874,-36.603,-36.613,-37.164,-37.859,-38.375,-38.429,-38.954,-39.624,-39.729,-40.388,-40.735,-41.294,-41.973,-42.076,-42.245,-42.413,-43.275,-43.172,-43.754,-44.249,-44.437,-44.915,-45.24,-45.591,-45.726,-46.169,-46.405,-46.921,-47.128,-47.544,-47.488,-48.064,-48.329,-48.999,-49.149,-49.731,-50,-50.087,-50.657,-51.159,-51.266,-51.523,-51.69,-52.175,-52.82,-52.925,-53.301,-53.025,-53.447,-54,-54.229,-54.339,-54.336,-54.818,-55.355,-55.618,-55.583,-55.753,-56.335,-56.51,-56.957,-57.378,-57.548,-57.87,-57.875,-58.15,-58.364,-58.648,-59.114,-59.219,-59.33,-59.706,-59.544,-59.843,-60.165,-60.5,-60.573,-60.737,-60.882,-61.151,-61.281,-61.441,-61.312,-61.939,-61.936,-61.988,-62.154,-62.316,-62.521,-62.58,-63.028,-62.767,-63.463,-63.272,-63.354,-63.496,-63.788,-63.78,-64.218,-64.153,-64.332,-64.656,-64.681,-64.748,-65.031,-65.311,-65.157,-65.274,-65.22,-65.415,-65.508,-65.539,-65.722,-65.782,-65.832,-66.225,-66.174,-66.547,-66.203,-66.709,-66.829,-67.075,-66.945,-67.404,-67.675,-67.797,-67.972,-68.034,-68.439,-68.35,-68.17,-68.724,-69.143,-68.812,-69.06,-68.896,-68.889,-69.321,-69.302,-69.448,-69.534,-69.583,-69.742,-70.007,-70.16,-70.413,-70.437,-70.473,-70.687,-70.575,-71.037,-71.085,-71.277,-71.236,-71.486,-71.15,-71.687,-71.402,-71.783,-72.023,-71.883
4.3499,4.516,4.3427,4.3,4.1006,3.8313,3.2822,2.7205,2.1031,1.6379,1.1141,0.29413,-0.52138,-1.159,-1.816,-2.5906,-3.3015,-4.2179,-5.1288,-5.7026,-6.8091,-7.2922,-8.2571,-9.2012,-10.055,-10.992,-11.651,-12.601,-13.165,-14.046,-14.887,-15.446,-16.351,-17.413,-18.137,-18.884,-19.291,-20.106,-20.953,-21.553,-22.21,-22.755,-23.412,-23.96,-24.359,-25.183,-25.845,-26.141,-26.657,-27.435,-27.846,-28.55,-28.827,-29.367,-29.884,-30.443,-30.949,-31.503,-31.922,-32.516,-32.921,-33.531,-34.146,-34.644,-34.971,-35.772,-36.379,-36.967,-37.346,-37.849,-38.317,-38.735,-39.402,-39.77,-40.454,-40.989,-41.519,-41.958,-42.424,-42.936,-43.532,-44.003,-44.674,-44.906,-45.474,-46.189,-46.512,-47.049,-47.854,-48.298,-48.963,-49.475,-50.106,-50.517,-50.885,-51.579,-51.904,-52.614,-52.999,-53.681,-54.066,-54.28,-54.971,-55.162,-55.589,-55.903,-56.334,-56.754,-57.442,-57.482,-57.891,-58.48,-58.887,-59.377,-59.78,-60.168,-60.912,-61.079,-61.641,-62.184,-62.545,-62.977,-63.502,-64.101,-64.452,-65.04,-65.508,-65.864,-66.475,-66.839,-67.131,-67.637,-68.187,-68.619,-69.267,-69.517,-69.976,-70.669,-71.059,-71.434,-71.825,-72.19,-72.584,-72.962,-73.43,-73.486,-73.947,-74.493,-74.597,-74.891,-75.582,-75.634,-75.952,-76.651,-77.177,-77.216,-77.961,-78.382,-78.732,-79.117,-79.752,-79.985,-80.299,-81.083,-81.009,-81.493,-81.766,-82.068,-82.385,-82.532,-83.126,-83.466,-83.785,-83.866,-84.147,-84.605,-85.03,-84.903,-85.461,-85.504,-85.845,-85.896,-86.113,-86.231,-86.331,-86.596,-86.715,-86.879,-86.825,-86.892,-86.721,-86.988,-86.766,-87.051,-86.976,-86.882,-86.929,-86.714,-86.841,-86.866,-86.954,-86.841,-86.954,-86.949,-87.107,-87.267,-87.183,-87.111,-87.129,-87.191,-87.272,-87.592,-87.462,-87.572,-87.416,-87.504,-87.652,-87.556,-87.807,-87.933,-87.981,-87.898,-87.716,-87.847,-87.934,-88.042,-88.132,-87.937,-88.121,-88.157,-88.123,-88.284,-88.411,-88.331,-88.205,-88.238,-88.563,-88.392,-88.419,-88.176,-88.496
3.6943,3.5073,3.5751,3.5831,3.4822,3.3174,2.9356,2.8199,2.233,1.5645,1.0792,0.83845,0.2917,-0.38162,-1.2377,-1.7525,-2.3388,-3.2285,-4.0007,-4.7969,-5.7726,-6.3217,-7.3321,-8.2698,-9.0328,-9.9139,-10.849,-11.723,-12.768,-13.618,-14.521,-15.723,-17.084,-17.916,-18.96,-20.308,-21.441,-22.453,-23.761,-24.948,-25.859,-27.05,-27.968,-29.326,-30.502,-31.546,-32.558,-33.432,-34.297,-35.487,-36.359,-37.46,-38.505,-39.406,-40.159,-41.208,-41.87,-43.066,-43.722,-44.717,-45.559,-46.4,-47.24,-48.117,-48.974,-49.553,-50.387,-51.028,-51.755,-52.526,-53.437,-53.958,-54.763,-55.434,-56.054,-56.536,-57.358,-57.673,-58.573,-59.102,-59.702,-60.181,-60.874,-61.349,-61.787,-62.429,-63.032,-63.512,-64.165,-64.792,-65.311,-65.864,-66.69,-67.29,-67.634,-68.198,-68.886,-69.197,-69.991,-70.461,-71.09,-71.689,-72.207,-72.478,-72.956,-73.411,-73.843,-74.265,-74.9,-75.194,-75.802,-76.21,-76.869,-77.315,-77.756,-78.197,-78.624,-78.985,-79.523,-79.917,-80.196,-80.444,-80.733,-81.011,-81.173,-81.531,-81.757,-81.848,-82.095,-82.335,-82.45,-82.907,-83.155,-83.31,-83.63,-83.859,-84.104,-84.283,-84.409,-84.493,-84.828,-85.07,-85.388,-85.551,-85.637,-85.86,-86.095,-86.259,-86.249,-86.546,-86.951,-87.117,-87.491,-87.468,-87.719,-87.962,-88.009,-88.126,-88.256,-88.196,-88.611,-88.681,-88.745,-89.124,-89.356,-89.403,-89.566,-89.734,-89.781,-89.764,-90.085,-90.172,-90.239,-90.598,-90.576,-90.847,-90.922,-91.275,-91.442,-91.668,-91.94,-91.993,-92.311,-92.535,-92.703,-92.877,-92.919,-93.258,-93.35,-93.66,-93.734,-93.876,-93.942,-94.047,-94.259,-94.344,-94.401,-94.547,-94.642,-94.754,-94.912,-94.956,-95.056,-95.153,-95.145,-95.382,-95.396,-95.598,-95.539,-95.509,-95.446,-95.638,-95.553,-95.696,-95.645,-95.671,-95.832,-95.648,-95.776,-95.578,-95.604,-95.467,-95.586,-95.536,-95.672,-95.963,-95.915,-96.003,-95.886,-95.95,-95.917,-96.085,-96.085,-96.134,-96.052,-96.222,-96.167,-96.369,-96.424,-96.366,-96.235
-8.5569,-8.5714,-8.5998,-8.8958,-9.2257,-9.7788,-10.519,-11.186,-11.887,-12.456,-13.184,-14.279,-15.28,-16.33,-17.394,-18.545,-19.472,-20.636,-21.892,-22.612,-23.822,-25.326,-26.228,-27.427,-28.475,-29.424,-30.418,-31.87,-32.846,-33.786,-35.161,-36.158,-37.395,-38.561,-39.403,-40.288,-41.225,-42.486,-43.587,-44.484,-45.544,-46.715,-47.613,-48.597,-49.573,-50.319,-51.585,-52.331,-53.24,-54.019,-55.039,-55.92,-56.79,-57.622,-58.517,-59.22,-60.223,-61.01,-61.995,-62.627,-63.475,-64.317,-65.038,-65.901,-66.962,-67.735,-68.371,-68.918,-69.71,-70.422,-71.219,-71.776,-72.516,-73.148,-73.976,-74.793,-75.455,-76.03,-76.976,-77.706,-78.166,-78.931,-79.737,-80.204,-80.838,-81.429,-82.164,-82.881,-83.525,-83.961,-84.395,-85.17,-85.784,-86.356,-86.852,-87.193,-87.547,-88.007,-88.653,-89.206,-89.603,-90.12,-90.708,-91.182,-91.447,-91.824,-92.099,-92.52,-92.892,-92.921,-93.481,-93.616,-93.944,-94.077,-94.565,-94.94,-95.169,-95.558,-95.735,-95.976,-96.186,-96.388,-96.692,-97.12,-97.656,-97.629,-98.053,-98.309,-98.293,-98.546,-98.749,-99.138,-99.052,-99.086,-99.271,-99.292,-99.511,-99.829,-99.815,-99.922,-99.905,-100.11,-100.3,-100.48,-100.36,-100.45,-100.69,-100.79,-100.78,-100.92,-100.9,-100.9,-100.75,-100.88,-100.92,-100.99,-100.84,-100.89,-100.97,-100.85,-101,-100.94,-101.09,-100.88,-100.9,-100.72,-100.73,-100.59,-100.51,-100.58,-100.72,-100.83,-100.53,-100.34,-100.42,-100.27,-100.33,-100.42,-100.42,-100.47,-100.46,-100.33,-100.3,-100.34,-100.24,-100.11,-100.12,-100.07,-99.98,-99.895,-99.836,-99.673,-99.68,-99.602,-99.517,-99.417,-99.461,-99.266,-99.161,-99.298,-99.37,-99.197,-99.119,-99.051,-99.054,-98.9,-98.899,-99.053,-98.891,-98.784,-98.864,-98.704,-98.734,-98.781,-98.642,-98.678,-98.564,-98.75,-98.78,-98.638,-98.576,-98.56,-98.582,-98.559,-98.541,-98.571,-98.669,-98.477,-98.622,-98.439,-98.553,-98.385,-98.364,-98.476,-98.609,-98.332,-98.392,-98.307,-98.246,-98.67,-99.182
-6.4027,-6.4199,-6.3588,-6.5715,-6.9602,-7.158,-7.6898,-8.1388,-8.3815,-9.1217,-9.7218,-10.428,-11.318,-12.149,-13.06,-13.854,-14.944,-15.968,-16.796,-17.671,-18.933,-19.904,-21.023,-21.978,-23.249,-24.075,-25.262,-26.075,-27.439,-28.55,-29.396,-30.703,-31.695,-32.961,-33.935,-34.991,-35.827,-36.819,-38.02,-39.097,-39.964,-41.118,-42.273,-43.102,-44.228,-45.278,-46.25,-47.154,-48.076,-49.056,-50.183,-50.998,-51.937,-53.005,-53.758,-54.675,-55.433,-56.327,-57.161,-58.227,-58.9,-59.676,-60.704,-61.417,-62.419,-63.316,-64.083,-65.015,-65.782,-66.451,-67.261,-68.022,-68.721,-69.43,-70.247,-70.828,-71.492,-72.125,-72.956,-73.447,-74.084,-74.628,-75.169,-75.709,-76.586,-76.974,-77.599,-78.203,-78.612,-79.252,-79.764,-80.202,-80.589,-80.891,-81.213,-81.804,-82.179,-82.632,-83.279,-83.619,-84.178,-84.691,-85.029,-85.502,-85.847,-86.213,-86.476,-86.888,-87.462,-87.684,-88.004,-88.298,-88.564,-88.855,-89.137,-89.331,-89.498,-89.719,-89.963,-90.173,-90.475,-90.696,-90.807,-91.066,-91.098,-91.241,-91.26,-91.59,-91.791,-91.922,-92.008,-92.124,-92.427,-92.53,-92.764,-93.076,-93.084,-93.196,-93.254,-93.485,-93.65,-93.771,-93.807,-93.907,-93.89,-93.863,-93.977,-94.077,-94.213,-94.175,-94.308,-94.377,-94.562,-94.537,-94.412,-94.652,-94.68,-94.753,-94.672,-94.758,-94.633,-94.709,-94.666,-94.75,-94.854,-94.882,-94.933,-94.767,-94.739,-94.771,-94.787,-94.725,-94.688,-94.631,-94.641,-94.431,-94.257,-94.343,-94.261,-94.292,-94.225,-94.076,-93.953,-93.895,-93.674,-93.572,-93.412,-93.367,-93.284,-93.142,-93.055,-92.801,-92.645,-92.618,-92.532,-92.387,-92.226,-92.039,-92.101,-91.977,-91.86,-91.717,-91.579,-91.37,-91.277,-91.077,-91.059,-90.94,-90.895,-90.833,-90.68,-90.636,-90.518,-90.545,-90.391,-90.236,-90.158,-90.239,-90.225,-90.205,-90.089,-90.167,-90.092,-89.82,-89.768,-89.755,-89.834,-89.766,-89.74,-89.712,-89.729,-89.655,-89.39,-89.397,-89.449,-89.499,-89.501,-89.454,-89.392,-89.552,-89.405
-1.4821,-1.6606,-1.839,-2.1296,-2.64,-2.9575,-3.4521,-4.2303,-4.925,-5.8624,-6.3487,-7.3807,-8.0857,-8.9225,-9.7357,-10.657,-11.578,-12.49,-13.669,-14.374,-15.37,-16.717,-17.689,-18.766,-19.814,-20.827,-21.825,-22.818,-23.873,-24.883,-25.812,-26.81,-27.955,-28.986,-29.59,-30.876,-31.877,-32.881,-33.817,-34.753,-35.748,-36.698,-37.507,-38.752,-39.524,-40.272,-41.441,-42.011,-43.153,-44.125,-45.007,-45.988,-46.773,-47.684,-48.659,-49.778,-50.416,-51.302,-52.189,-53.076,-53.952,-54.644,-55.344,-56.202,-57.138,-57.742,-58.405,-58.997,-59.71,-60.27,-60.848,-61.58,-62.144,-62.733,-63.301,-63.824,-64.477,-65.082,-65.625,-66.329,-66.822,-67.606,-68.079,-68.555,-69.272,-69.748,-70.037,-70.626,-71.191,-71.831,-72.198,-72.828,-73.283,-73.761,-74.277,-74.605,-74.897,-75.131,-75.564,-75.883,-76.269,-76.998,-77.122,-77.395,-77.681,-78.221,-78.49,-78.896,-79.285,-79.345,-79.587,-79.686,-79.951,-80.27,-80.379,-80.783,-81.086,-81.375,-81.828,-81.867,-82.188,-82.467,-82.598,-82.674,-82.94,-82.938,-83.103,-83.376,-83.548,-83.696,-83.864,-83.932,-84.074,-84.442,-84.398,-84.497,-84.419,-84.641,-84.826,-84.94,-84.92,-85.141,-85.385,-85.605,-85.619,-85.901,-85.894,-86.109,-86.158,-86.319,-86.698,-86.825,-86.684,-86.902,-87.207,-87.246,-87.194,-87.303,-87.497,-87.597,-87.678,-87.695,-88.007,-88.191,-88.075,-88.17,-88.287,-88.219,-88.304,-88.321,-88.363,-88.602,-88.649,-88.674,-88.858,-89.028,-89.133,-89.112,-89.233,-89.634,-89.698,-89.636,-89.684,-89.992,-90.062,-89.967,-90.257,-90.204,-90.154,-90.47,-90.557,-90.507,-90.746,-90.799,-90.733,-90.746,-90.808,-90.734,-90.949,-90.877,-91.004,-90.883,-91.216,-91.182,-91.298,-91.323,-91.511,-91.44,-91.749,-91.763,-91.708,-91.73,-91.883,-91.975,-92.076,-92.24,-92.182,-92.406,-92.304,-92.385,-92.573,-92.67,-92.779,-92.759,-92.735,-92.922,-92.914,-93.099,-93.062,-93.19,-93.241,-93.327,-93.364,-93.545,-93.421,-93.542,-93.395,-93.499,-93.475,-93.594,-93.632
-12.637,-12.682,-12.752,-13.047,-13.005,-13.342,-13.869,-14.079,-14.384,-14.728,-15.453,-16.017,-16.54,-17.289,-17.824,-18.515,-19.128,-19.91,-20.256,-20.836,-21.537,-22.172,-23.106,-23.811,-24.887,-25.001,-25.885,-26.504,-27.62,-28.113,-29.038,-29.469,-30.262,-31.033,-32.177,-32.622,-33.436,-34.126,-34.792,-35.53,-36.066,-36.854,-37.616,-38.123,-38.678,-39.614,-40.077,-40.825,-41.346,-42.245,-43.164,-43.352,-44.118,-44.834,-45.446,-46.258,-46.679,-47.273,-48.085,-48.746,-49.48,-50.155,-50.684,-51.397,-52.21,-52.852,-53.411,-53.992,-54.772,-55.27,-56.087,-56.561,-56.868,-57.758,-58.186,-58.979,-59.312,-60.002,-60.693,-61.176,-61.704,-62.127,-62.582,-63.138,-63.765,-64.367,-64.677,-65.251,-65.837,-66.307,-66.871,-67.446,-67.661,-68.393,-68.662,-69.384,-69.788,-70.394,-70.704,-71.18,-71.531,-72,-72.572,-72.955,-73.554,-73.966,-74.442,-75.128,-75.37,-75.561,-76.437,-76.779,-76.954,-77.561,-77.988,-78.204,-78.783,-79.296,-79.638,-79.874,-80.355,-81.009,-81.446,-81.58,-81.986,-82.375,-82.488,-82.745,-83.439,-83.827,-84.23,-84.628,-85.042,-85.435,-85.963,-86.185,-86.564,-87.009,-87.519,-87.697,-88.553,-89.014,-89.314,-89.894,-90.184,-90.592,-91.162,-91.634,-92.043,-92.471,-92.654,-93.098,-93.42,-93.985,-94.274,-94.96,-95.338,-95.561,-96.075,-96.282,-96.622,-96.88,-97.314,-97.671,-97.836,-98.077,-98.573,-98.851,-99.252,-99.395,-99.661,-99.711,-100.22,-100.26,-100.87,-100.99,-101.31,-101.45,-101.74,-101.75,-101.87,-102.17,-102.18,-102.61,-102.74,-102.72,-103.08,-103.29,-103.58,-103.69,-103.83,-104.09,-104.05,-104.21,-104.42,-104.21,-104.57,-104.74,-104.89,-104.95,-105.18,-105.28,-105.31,-105.42,-105.43,-105.31,-105.25,-105.45,-105.67,-105.46,-105.28,-105.42,-105.47,-105.2,-105.18,-105.1,-105.15,-105.17,-105.06,-105.05,-105.36,-104.87,-105.11,-104.98,-104.81,-104.82,-104.71,-104.45,-104.43,-104.34,-104.2,-104.05,-103.99,-103.68,-103.58,-103.45,-103.21,-103.14,-102.96,-102.78,-102.76
7.227,7.0943,6.9604,6.5995,6.6537,6.2154,5.7935,5.4849,4.9977,4.3603,3.9399,3.4319,2.7261,2.1211,1.1009,0.43771,-0.58212,-1.7154,-2.7211,-3.7277,-4.6987,-5.775,-6.748,-7.8041,-8.9839,-9.9512,-11.044,-12.188,-13.412,-14.454,-15.465,-16.428,-17.702,-18.628,-19.747,-20.865,-22.003,-23.189,-24.333,-25.365,-26.317,-27.542,-28.378,-29.559,-30.495,-31.646,-32.926,-34.057,-35.04,-36.328,-37.192,-38.633,-39.61,-40.537,-41.655,-42.935,-44.109,-45.322,-46.383,-47.639,-48.764,-49.807,-51.086,-51.942,-53.231,-54.44,-55.476,-56.457,-57.57,-58.726,-59.969,-60.959,-61.828,-62.848,-63.868,-64.857,-65.682,-66.72,-67.692,-68.603,-69.404,-70.448,-71.48,-72.216,-73.158,-74.25,-74.937,-75.819,-76.672,-77.551,-78.411,-79.159,-80.038,-80.768,-81.533,-82.468,-83.405,-83.946,-84.963,-85.681,-86.041,-86.983,-87.893,-88.65,-89.35,-90.284,-90.841,-91.408,-92.271,-93.048,-93.514,-94.084,-94.978,-95.298,-95.935,-96.505,-97.092,-97.623,-98.367,-98.852,-99.305,-99.681,-100.12,-100.65,-101.23,-101.74,-102.24,-102.61,-102.82,-103.08,-103.66,-104,-104.37,-104.77,-105.18,-105.64,-106.05,-106.25,-106.8,-106.83,-107.4,-107.73,-108.1,-108.39,-108.69,-109.12,-109.37,-109.82,-110.23,-110.41,-110.82,-111.11,-111.37,-111.44,-111.74,-112.02,-112.25,-112.4,-112.47,-112.8,-113.01,-113.32,-113.49,-113.49,-113.69,-113.77,-113.87,-114.02,-114.07,-114.13,-114.27,-114.28,-114.66,-114.61,-114.64,-114.77,-114.9,-114.89,-114.99,-115.2,-115.13,-115.31,-115.42,-115.3,-115.5,-115.56,-115.69,-115.67,-115.68,-115.53,-115.66,-115.64,-115.93,-115.76,-115.73,-115.76,-115.71,-115.6,-115.81,-115.75,-115.8,-115.69,-115.8,-115.62,-115.8,-115.85,-115.32,-115.61,-115.64,-115.52,-115.44,-115.43,-115.46,-115.29,-115.17,-115.26,-115.2,-115.22,-114.89,-115.09,-115.19,-115.17,-114.8,-114.63,-114.69,-114.7,-114.67,-114.45,-114.31,-114.33,-114.13,-113.86,-113.65,-113.61,-113.37,-113.46,-113.15,-113.11,-112.99,-112.57,-112.34
-10.031,-10.036,-10.26,-10.891,-11.483,-11.783,-12.711,-13.734,-14.886,-15.768,-17.11,-18.239,-19.332,-20.964,-22.17,-23.68,-24.856,-26.121,-27.524,-28.95,-30.289,-31.585,-33.002,-33.925,-34.996,-36.279,-37.296,-38.559,-39.33,-40.235,-41.197,-41.936,-43.03,-43.624,-44.764,-45.757,-46.369,-47.135,-48.359,-48.761,-49.798,-50.553,-51.726,-52.314,-53.264,-54.057,-54.803,-55.5,-56.363,-57.25,-57.751,-58.108,-59.239,-59.357,-60.274,-60.881,-61.271,-61.903,-62.586,-62.919,-63.618,-64.232,-64.903,-65.119,-65.699,-66.348,-67.334,-67.957,-68.428,-68.993,-69.795,-70.116,-70.805,-71.117,-71.555,-72.312,-72.924,-73.379,-73.804,-74.234,-74.791,-75.419,-75.831,-76.417,-76.895,-77.331,-78.055,-78.639,-78.826,-79.365,-79.635,-80.272,-80.639,-81.162,-81.465,-81.552,-81.977,-82.563,-82.852,-82.905,-83.361,-83.924,-83.935,-84.321,-84.65,-85.233,-85.521,-85.962,-86.076,-86.206,-86.469,-86.969,-87.091,-87.03,-87.204,-87.594,-88.087,-88.268,-88.296,-88.23,-88.582,-88.763,-89.052,-89.289,-89.036,-88.98,-89.18,-89.334,-89.299,-89.826,-89.687,-89.679,-90.097,-90.098,-90.467,-90.738,-90.751,-90.896,-90.903,-90.931,-91.181,-91.433,-91.44,-91.592,-91.539,-91.996,-92.058,-91.979,-92.16,-92.263,-92.508,-92.517,-92.68,-92.423,-92.527,-92.795,-92.952,-93.122,-93.073,-93.531,-93.822,-93.894,-93.573,-93.561,-93.694,-94.108,-94.06,-94.479,-94.402,-94.794,-94.682,-94.759,-94.78,-94.797,-94.715,-94.612,-94.886,-94.904,-94.728,-95.013,-95.047,-95.385,-95.241,-95.369,-95.298,-95.699,-95.606,-95.588,-95.531,-95.694,-95.902,-95.962,-96.074,-95.986,-96.079,-95.945,-95.633,-95.852,-95.955,-95.974,-95.735,-95.711,-95.546,-95.685,-95.601,-95.823,-95.748,-95.735,-95.874,-95.997,-95.74,-95.601,-95.719,-95.817,-95.964,-96.032,-95.746,-95.899,-95.894,-96.203,-96,-95.944,-95.767,-95.609,-95.618,-95.715,-95.912,-95.699,-95.896,-95.969,-95.715,-95.513,-95.468,-95.597,-95.336,-95.51,-95.228,-95.443,-95.614,-95.731,-95.751
-13.8,-13.889,-14.018,-14.623,-15.328,-16.126,-17.058,-18.45,-19.762,-21.053,-22.388,-23.65,-25.245,-26.481,-27.937,-29.033,-30.558,-31.971,-33.291,-34.343,-35.845,-37.324,-38.576,-39.449,-40.628,-41.895,-43.066,-44.11,-45.053,-46.231,-47.364,-48.217,-49.216,-50.246,-51.179,-51.907,-52.65,-53.469,-54.241,-55.088,-56.08,-56.929,-57.586,-58.339,-59.26,-60.011,-60.544,-61.29,-61.926,-62.588,-63.557,-64.173,-64.765,-65.569,-65.95,-66.497,-67.223,-67.934,-68.461,-69.14,-69.716,-70.151,-70.632,-71.193,-71.669,-71.963,-72.714,-73.344,-73.84,-74.569,-75.085,-75.553,-75.916,-76.351,-76.927,-77.223,-77.845,-78.14,-78.577,-79.086,-79.532,-80.116,-80.368,-80.726,-81.119,-81.586,-82.071,-82.471,-82.873,-83.24,-83.707,-83.896,-84.44,-84.701,-85.133,-85.627,-86.061,-86.369,-86.724,-87.129,-87.425,-87.637,-87.965,-88.348,-88.491,-88.597,-89.205,-89.398,-89.529,-89.679,-90.148,-90.264,-90.545,-90.691,-90.884,-91.047,-91.343,-91.681,-91.853,-92.298,-92.481,-92.658,-92.803,-93.036,-93.201,-93.714,-93.716,-94.02,-94.346,-94.61,-94.88,-94.803,-95.203,-95.551,-95.787,-95.78,-95.809,-96.28,-96.546,-96.679,-96.492,-96.777,-97.255,-97.178,-97.198,-97.318,-97.786,-97.756,-98.162,-98.112,-98.452,-98.401,-98.712,-98.986,-99.368,-99.25,-99.671,-99.892,-99.975,-100.26,-100.3,-100.5,-101.03,-100.8,-101.35,-101.54,-101.61,-102.08,-102.19,-102.38,-102.81,-102.79,-102.85,-102.88,-103.26,-103.32,-103.46,-103.44,-103.64,-103.58,-103.72,-103.71,-104.04,-104.05,-104.26,-104.29,-104.41,-104.66,-104.69,-104.62,-104.73,-104.68,-104.77,-104.81,-104.97,-105,-104.93,-104.79,-104.94,-105,-105.05,-104.99,-104.88,-105.03,-104.89,-104.82,-104.92,-104.84,-105.01,-105,-104.93,-105.09,-105.05,-105,-104.94,-104.95,-105.03,-105.16,-105.08,-105.16,-105.3,-105.35,-105.45,-105.39,-105.35,-105.56,-105.46,-105.52,-105.67,-105.46,-105.66,-105.57,-105.6,-105.57,-105.59,-105.56,-105.49,-105.54,-105.54,-105.61,-105.53
-3.8675,-3.6292,-3.8044,-4.0611,-4.2347,-4.7874,-5.1662,-5.5639,-6.3258,-6.5184,-7.1748,-7.712,-8.2697,-9.2571,-9.906,-11.283,-11.692,-12.996,-13.829,-15.246,-16.593,-17.746,-18.653,-20.386,-21.113,-22.439,-24.231,-25.021,-26.311,-27.653,-28.993,-30.141,-31.224,-32.686,-33.604,-35.074,-36.056,-37.401,-38.762,-40.059,-41.264,-42.524,-43.637,-44.853,-45.83,-47.192,-48.538,-49.669,-50.841,-52.156,-53.256,-54.545,-55.873,-56.87,-58.329,-59.225,-60.433,-61.536,-63.028,-64.104,-65.463,-66.484,-67.71,-68.695,-69.789,-70.819,-72.299,-73.542,-74.28,-75.759,-77.102,-77.863,-79.039,-80.153,-81.21,-82.185,-83.587,-84.505,-85.058,-86.441,-87.258,-88.21,-89.215,-90.422,-90.809,-91.7,-92.656,-93.619,-94.505,-95.364,-96.294,-96.965,-97.636,-98.506,-99.183,-100.1,-100.8,-101.34,-102.14,-102.69,-103.41,-104.15,-104.7,-105.06,-105.62,-105.96,-106.29,-106.99,-107.55,-108.05,-108.31,-109.06,-109.25,-109.4,-109.94,-110.17,-110.52,-110.79,-110.99,-111.36,-111.47,-111.56,-111.74,-112.17,-112.1,-112.3,-112.4,-112.53,-112.65,-112.74,-112.66,-112.84,-113.14,-113.02,-113,-112.93,-113.02,-113.07,-112.82,-112.93,-112.62,-112.53,-112.4,-111.91,-111.74,-111.63,-111.41,-111.1,-111.05,-110.76,-110.5,-110.51,-110.07,-110.1,-109.9,-109.84,-109.22,-109.04,-108.64,-108.53,-108.3,-108.05,-107.66,-107.15,-107.18,-106.65,-106.46,-105.93,-105.62,-105.26,-104.92,-104.72,-104.24,-103.92,-103.52,-103.1,-102.87,-102.12,-102.01,-101.47,-101.13,-100.82,-100.66,-100.05,-99.78,-99.234,-99.179,-98.605,-98.133,-97.516,-97.602,-96.878,-96.583,-96.342,-95.76,-95.491,-95.075,-95.011,-94.587,-93.936,-93.403,-93.099,-92.966,-92.498,-92.025,-91.686,-91.513,-90.719,-90.797,-90.597,-89.996,-89.817,-89.293,-89.383,-89.197,-88.721,-88.25,-87.885,-87.996,-87.512,-87.286,-87.056,-86.809,-86.397,-86.199,-86.029,-85.638,-85.325,-84.94,-85.007,-84.556,-84.497,-84.246,-84.099,-83.993,-83.691,-83.249,-82.897,-82.965,-82.495,-82.361
-10.635,-11.103,-11.599,-12.393,-13.143,-13.875,-15.006,-15.878,-16.902,-18.164,-19.201,-20.613,-21.033,-21.971,-23.393,-24.722,-26.155,-27.571,-29.01,-30.434,-31.9,-33.434,-34.713,-35.53,-36.909,-37.742,-39.041,-39.743,-41.24,-41.519,-42.832,-43.991,-44.794,-45.469,-46.386,-47.117,-47.104,-48.133,-48.813,-49.795,-50.699,-51.316,-51.853,-52.554,-53.344,-54.523,-54.716,-55.315,-55.923,-56.827,-57.537,-57.911,-58.665,-59.19,-59.72,-59.835,-60.79,-61.345,-61.955,-62.801,-63.744,-64.321,-64.894,-65.505,-66.11,-66.489,-67.142,-67.687,-67.908,-68.488,-68.865,-69.386,-69.707,-70.253,-70.619,-71.048,-71.418,-71.893,-72.292,-72.738,-72.962,-73.332,-73.719,-74.305,-74.37,-74.363,-74.924,-75.535,-76.422,-76.447,-77.026,-77.371,-77.902,-77.829,-78.468,-78.831,-78.967,-79.435,-79.954,-79.999,-80.339,-80.671,-80.999,-81.265,-81.512,-82.087,-82.158,-82.299,-82.733,-82.906,-83.247,-83.564,-83.865,-84.213,-84.257,-84.233,-84.584,-85.028,-85.281,-85.537,-85.66,-85.806,-86.024,-86.108,-86.409,-86.587,-86.564,-86.816,-86.949,-86.921,-87.248,-87.372,-87.467,-87.448,-87.86,-87.861,-87.855,-88.058,-88.242,-88.625,-88.781,-88.816,-89.089,-89.054,-89.205,-89.32,-89.333,-89.417,-89.428,-89.67,-90.143,-89.827,-89.85,-90.086,-89.903,-89.989,-90.625,-90.324,-90.54,-90.595,-90.672,-90.755,-90.718,-90.537,-90.453,-90.536,-90.606,-90.451,-90.626,-90.813,-90.746,-90.966,-90.904,-90.949,-91.079,-90.931,-90.804,-90.835,-91.1,-91.217,-91.366,-91.069,-91.189,-91.043,-91.096,-91.376,-91.555,-91.527,-91.231,-91.28,-91.364,-91.41,-91.655,-91.653,-91.852,-92.124,-92.37,-92.244,-92.042,-92.042,-92.376,-92.545,-92.218,-92.4,-92.227,-92.274,-92.696,-92.767,-92.361,-92.611,-92.749,-92.75,-93.054,-92.817,-92.836,-93.094,-93.148,-93.219,-93.363,-93.517,-93.747,-93.302,-93.696,-93.461,-94.131,-94.218,-94.254,-94.403,-94.629,-94.949,-95.025,-95.074,-94.947,-95.237,-95.402,-95.456,-95.694,-95.765,-96.001,-95.578,-96.138
-10.897,-10.858,-11.267,-11.554,-12,-12.614,-13.132,-13.827,-14.28,-14.753,-15.602,-16.5,-17.059,-18.021,-19.119,-19.881,-20.859,-21.917,-22.57,-23.596,-24.379,-25.142,-26.01,-27.037,-27.819,-28.711,-29.429,-30.413,-31.038,-31.981,-32.578,-33.441,-34.337,-35.162,-35.999,-36.643,-37.355,-37.906,-38.866,-39.346,-40.054,-40.711,-41.298,-42.287,-42.804,-43.52,-44.091,-44.907,-45.624,-46.33,-46.449,-47.222,-47.97,-48.535,-48.849,-49.452,-49.885,-50.64,-51.034,-51.472,-52.16,-52.552,-53.193,-53.557,-54.145,-54.632,-54.924,-55.427,-55.865,-56.33,-56.721,-57.04,-57.505,-57.778,-58.417,-58.713,-59.08,-59.368,-60.048,-60.325,-60.724,-60.907,-61.412,-61.737,-62.249,-62.499,-63.246,-63.589,-63.733,-64.347,-64.548,-64.668,-65.082,-65.164,-65.642,-65.966,-65.917,-66.116,-66.581,-66.779,-66.958,-67.461,-67.607,-67.752,-68.218,-68.411,-68.907,-69.039,-69.327,-69.586,-69.817,-69.843,-70.002,-70.304,-70.205,-70.577,-70.65,-70.862,-71.079,-71.155,-71.401,-71.442,-71.603,-72.177,-72.214,-72.503,-72.715,-72.926,-73.013,-73.493,-73.743,-73.824,-74.283,-74.44,-74.712,-75.135,-75.216,-75.466,-75.445,-75.622,-75.899,-76.205,-76.362,-76.745,-76.656,-77.015,-77.119,-77.336,-77.636,-77.939,-78.202,-78.409,-78.341,-78.572,-78.962,-79.094,-79.104,-79.428,-79.663,-80.15,-80.454,-80.562,-80.511,-80.971,-81.164,-81.27,-81.55,-81.627,-81.905,-82.028,-82.371,-82.397,-82.727,-82.708,-82.935,-83.319,-83.647,-83.804,-83.83,-83.908,-84.145,-84.287,-84.398,-84.242,-84.434,-84.669,-84.707,-84.878,-84.967,-84.935,-85.089,-85.171,-85.49,-85.506,-85.856,-85.775,-85.959,-85.627,-85.839,-85.877,-86.21,-86.173,-86.134,-86.21,-86.428,-86.513,-86.657,-86.579,-86.63,-86.564,-86.691,-86.583,-86.753,-86.629,-86.889,-86.718,-86.668,-86.642,-86.706,-86.738,-86.713,-86.935,-86.796,-87.126,-87.084,-86.935,-87.018,-86.956,-86.896,-86.991,-87.066,-86.994,-87.229,-87.113,-87.083,-87.099,-87.306,-87.254,-87.254,-87.251,-87.283
-6.0289,-5.8321,-5.9176,-6.1596,-6.3956,-6.2984,-7.0452,-7.1704,-7.6094,-8.0158,-8.3555,-8.8763,-9.6708,-9.766,-10.394,-10.517,-11.434,-12.163,-13.121,-13.353,-13.815,-14.781,-15.288,-15.811,-16.928,-17.201,-18.382,-18.741,-19.437,-20.331,-20.77,-21.381,-21.974,-22.481,-23.401,-23.555,-24.175,-24.967,-25.207,-25.934,-26.427,-27.099,-27.616,-28.162,-28.532,-29.345,-29.929,-30.109,-30.817,-31.363,-32.172,-32.504,-33.425,-34.117,-34.94,-35.712,-36.211,-37.089,-37.325,-37.832,-38.532,-39.081,-39.495,-40.153,-40.694,-41.042,-41.485,-42.232,-43.015,-42.97,-43.553,-44.215,-44.644,-45.184,-45.819,-46.512,-47.016,-47.679,-48.255,-49.015,-49.418,-50.009,-50.375,-50.897,-51.53,-51.999,-52.433,-53.038,-53.411,-53.789,-54.077,-54.666,-55.026,-55.366,-55.761,-56.208,-56.845,-57.026,-57.224,-57.517,-58.318,-58.596,-58.895,-58.932,-59.336,-59.483,-59.835,-60.18,-60.654,-61.051,-61.621,-62.102,-62.013,-62.691,-63.071,-63.463,-63.958,-64.192,-64.236,-64.817,-64.992,-65.093,-65.402,-65.657,-66.106,-66.091,-66.44,-66.504,-66.958,-66.996,-66.987,-67.537,-67.855,-68.544,-68.128,-68.285,-68.724,-68.773,-68.998,-68.925,-69.177,-69.09,-69.48,-69.49,-69.599,-69.819,-70.078,-69.901,-70.246,-70.467,-70.537,-70.506,-70.608,-70.819,-70.521,-70.573,-70.62,-71.044,-71.154,-71.368,-71.906,-71.649,-72.07,-72.596,-72.394,-72.402,-72.667,-73.078,-73.189,-73.401,-73.814,-73.882,-74.161,-74.299,-74.748,-74.958,-74.902,-74.929,-75.198,-75.48,-75.539,-75.686,-75.825,-75.868,-76.557,-76.445,-76.742,-76.559,-76.953,-76.861,-77.285,-77.289,-77.62,-77.85,-77.666,-78.02,-78.413,-78.709,-78.692,-78.91,-79.427,-79.715,-79.748,-80.02,-80.053,-80.015,-80.1,-80.522,-80.872,-80.831,-80.934,-81.169,-81.246,-81.323,-81.689,-81.942,-82.35,-82.303,-82.173,-82.761,-82.761,-82.808,-83.138,-83.788,-84.001,-83.841,-83.96,-84.536,-85.087,-85.174,-84.974,-85.414,-85.672,-85.786,-85.837,-86.032,-86.299,-86.391,-86.37,-86.171,-86.584
-2.7246,-2.6512,-2.7582,-3.1439,-3.5345,-4.2981,-4.6954,-5.6694,-6.251,-7.1625,-8.1689,-9.0487,-9.8495,-11.369,-11.969,-13.582,-14.636,-15.743,-17.121,-18.272,-19.793,-21.005,-22.083,-23.239,-24.471,-25.599,-27.244,-28.124,-29.445,-30.803,-32.154,-33.233,-34.507,-35.755,-36.997,-38.26,-39.272,-40.732,-41.712,-42.823,-43.978,-45.377,-46.093,-46.889,-48.433,-49.102,-50.284,-51.29,-52.408,-53.281,-54.274,-55.079,-55.917,-56.852,-57.732,-58.586,-59.379,-60.23,-61.074,-61.637,-62.265,-63.14,-63.862,-64.732,-65.682,-66.311,-67.207,-67.793,-68.552,-69.104,-69.735,-70.311,-70.963,-71.51,-71.853,-72.816,-73.472,-73.794,-74.557,-74.915,-75.516,-76.214,-76.648,-77.169,-77.624,-78.176,-78.512,-79.245,-79.786,-79.925,-80.569,-81.071,-81.562,-82.354,-82.645,-82.926,-83.237,-83.642,-83.787,-84.352,-84.818,-85.28,-85.749,-86.01,-86.33,-86.516,-87.158,-87.372,-87.555,-87.888,-88.084,-88.632,-88.749,-88.941,-89.144,-89.678,-89.776,-89.986,-90.22,-90.525,-90.596,-90.659,-90.923,-91.504,-91.287,-91.314,-91.436,-91.196,-91.168,-91.805,-91.926,-92.201,-92.318,-92.361,-92.587,-92.719,-92.861,-92.987,-93.271,-93.543,-93.499,-93.749,-93.83,-93.908,-94.168,-94.3,-94.281,-94.445,-94.768,-94.78,-94.975,-95.393,-95.456,-95.532,-95.435,-95.548,-95.813,-95.923,-96.097,-96.078,-96.239,-96.528,-96.558,-96.763,-97.066,-97.184,-97.308,-97.401,-97.719,-97.772,-97.886,-97.828,-98.269,-98.515,-98.652,-98.605,-98.753,-98.949,-98.742,-98.936,-99.233,-99.294,-99.396,-99.286,-99.301,-99.026,-99.061,-99.157,-99.328,-99.617,-99.66,-99.585,-99.656,-99.713,-99.783,-99.984,-99.737,-99.723,-99.904,-99.77,-99.927,-99.901,-100.11,-100.22,-99.902,-99.904,-99.985,-100.1,-100.02,-100.03,-100.07,-100.39,-100.2,-100.07,-100.12,-100.06,-100.25,-100.44,-100.39,-100.48,-100.33,-100.51,-100.32,-100.27,-100.32,-100.24,-99.918,-100.08,-100.06,-99.951,-99.847,-99.849,-99.554,-99.407,-99.45,-99.204,-99.15,-99.171,-98.985,-98.732,-98.553
-0.76679,-0.66592,-0.72926,-1.255,-1.6834,-2.2486,-2.8148,-3.176,-4.0548,-4.6985,-5.0757,-5.7091,-6.3753,-7.3486,-8.0737,-8.8183,-9.9644,-10.738,-11.823,-12.85,-13.936,-15.13,-16.155,-17.056,-18.152,-19.344,-20.302,-21.598,-22.454,-23.285,-24.436,-25.493,-26.03,-27.003,-27.844,-28.566,-29.174,-30.083,-30.826,-31.521,-31.95,-32.474,-33.319,-33.874,-34.282,-35.121,-35.668,-35.962,-36.532,-37.143,-37.213,-38.184,-38.431,-39.099,-39.336,-40.308,-40.397,-40.891,-41.519,-42.113,-42.388,-43.111,-43.303,-44,-44.405,-44.63,-45.275,-45.647,-45.944,-46.389,-46.837,-46.98,-47.461,-47.602,-48.071,-48.536,-48.877,-49.134,-49.499,-49.858,-50.245,-50.954,-51.297,-51.758,-52.062,-52.498,-52.699,-53.137,-53.332,-53.664,-54.046,-54.565,-54.84,-55.251,-55.468,-55.704,-56.334,-56.701,-56.703,-56.871,-57.402,-57.485,-57.911,-57.787,-58.511,-58.57,-58.95,-59.181,-59.494,-59.769,-60.343,-60.458,-60.974,-61.058,-61.431,-61.743,-62.082,-62.083,-62.611,-62.555,-63.105,-63.328,-63.63,-64.073,-64.259,-64.427,-64.963,-65.425,-65.652,-65.938,-66.218,-66.637,-66.946,-67.12,-67.439,-67.821,-67.965,-68.167,-68.337,-68.528,-68.806,-69.282,-69.432,-69.851,-69.937,-70.12,-70.42,-70.846,-70.816,-71.584,-71.702,-71.954,-72.209,-72.42,-72.734,-73.022,-73.303,-73.631,-73.706,-73.909,-74.123,-74.318,-74.645,-74.513,-74.807,-75.147,-75.124,-75.348,-75.222,-75.489,-75.741,-75.96,-76.112,-76.209,-76.525,-76.639,-76.636,-76.827,-76.793,-77.075,-77.037,-77.206,-77.575,-77.708,-77.823,-78.168,-78.488,-78.497,-78.723,-78.887,-78.954,-79.269,-79.198,-79.325,-79.201,-79.42,-79.607,-79.678,-79.995,-80.344,-80.336,-80.453,-80.62,-80.782,-80.882,-81.137,-81.317,-81.37,-81.771,-81.698,-81.803,-81.952,-81.896,-82.206,-82.177,-82.213,-82.181,-82.367,-82.159,-82.19,-82.33,-82.417,-82.333,-82.414,-82.539,-82.434,-82.301,-82.391,-82.199,-82.319,-82.218,-82.057,-82.234,-82.047,-82.003,-81.965,-82.127,-81.962,-81.665,-81.929,-82.18
-15.472,-15.452,-15.693,-15.999,-16.567,-17.066,-17.532,-18.132,-19.077,-19.54,-19.912,-20.996,-22.005,-22.761,-23.872,-24.482,-25.341,-26.501,-27.489,-28.171,-29.063,-29.871,-30.607,-31.416,-32.244,-33.02,-33.999,-34.716,-35.736,-36.254,-37.036,-37.776,-38.511,-39.273,-39.772,-40.396,-41.122,-42.004,-42.588,-43.36,-43.822,-44.791,-45.588,-45.949,-46.611,-47.498,-48.204,-48.886,-49.366,-50.009,-50.403,-51.321,-51.64,-52.531,-53.348,-54.113,-54.661,-55.203,-55.868,-56.437,-57.294,-57.718,-58.268,-58.972,-59.47,-60.239,-60.621,-61.186,-61.648,-62.126,-62.78,-63.44,-63.755,-64.66,-65.057,-65.653,-66.1,-66.509,-67.152,-67.793,-68.018,-68.903,-69.173,-69.914,-70.403,-70.974,-71.652,-72.335,-72.623,-73.178,-73.648,-74.097,-74.455,-75.185,-75.594,-75.859,-76.322,-76.837,-77.328,-77.822,-78.287,-78.816,-79.237,-79.335,-79.954,-80.234,-80.66,-81.286,-81.661,-82.002,-82.21,-82.518,-82.899,-83.016,-83.507,-83.953,-84.232,-84.475,-84.595,-85.317,-85.439,-85.733,-86.068,-86.283,-86.898,-87.096,-87.26,-87.532,-87.577,-87.929,-88.134,-88.229,-88.484,-88.719,-88.82,-89.023,-89.375,-89.358,-89.824,-89.846,-89.897,-90.306,-90.179,-90.446,-90.881,-90.844,-91.034,-91.41,-91.61,-91.556,-92.088,-92.061,-92.338,-92.618,-92.62,-93.089,-93.036,-93.327,-93.46,-93.508,-93.62,-93.795,-93.882,-94.107,-94.144,-94.55,-94.33,-94.356,-94.582,-94.483,-94.714,-94.711,-94.669,-94.621,-94.609,-94.483,-94.574,-94.556,-94.808,-94.739,-94.619,-94.892,-94.845,-94.74,-94.582,-94.618,-94.653,-94.36,-94.33,-94.387,-94.651,-94.594,-94.337,-94.605,-94.45,-94.665,-94.429,-94.471,-94.567,-94.695,-94.612,-94.343,-94.445,-94.308,-94.128,-94.119,-93.999,-93.834,-94.034,-93.869,-94.048,-93.767,-93.417,-93.344,-93.299,-93.218,-93.105,-93.141,-92.691,-92.721,-92.487,-92.493,-92.329,-92.098,-91.986,-92.008,-92.03,-91.917,-91.857,-91.9,-91.602,-91.757,-91.572,-91.573,-91.425,-91.552,-91.479,-91.386,-91.358,-91.34,-91.156
-2.9513,-2.9847,-3.0269,-3.2505,-3.2946,-3.6945,-4.1581,-4.4615,-4.8728,-5.6528,-6.125,-6.7095,-7.4569,-8.49,-9.2355,-9.8949,-10.672,-11.72,-13.087,-14.105,-14.85,-15.982,-17.042,-18.197,-18.972,-20.501,-21.437,-22.706,-23.783,-25.199,-26.297,-27.059,-28.608,-29.843,-31.035,-32.021,-33.033,-34.04,-35.185,-36.567,-37.666,-38.894,-40.121,-41.018,-42.392,-43.579,-44.82,-46.126,-47.193,-48.715,-49.616,-50.828,-52.167,-53.292,-54.809,-55.94,-56.891,-58.362,-59.326,-60.371,-61.549,-62.72,-63.662,-64.7,-66.043,-66.755,-67.823,-68.998,-69.839,-71.076,-72.139,-73.256,-74.207,-75.269,-76.164,-76.964,-78.027,-78.793,-79.277,-80.369,-81.376,-82.049,-83.091,-84.035,-84.66,-85.846,-86.419,-87.329,-88.281,-88.842,-89.789,-90.522,-91.725,-92.162,-93.226,-93.813,-94.562,-95.173,-96.048,-96.751,-97.319,-98.083,-98.621,-99.137,-99.918,-100.47,-100.9,-101.59,-102.09,-102.85,-103.35,-103.86,-104.48,-104.95,-105.1,-105.47,-105.87,-106.35,-106.73,-107.26,-107.61,-108.2,-108.56,-108.89,-109.17,-109.48,-109.89,-110.17,-110.3,-110.93,-110.84,-111.06,-111.41,-111.57,-111.63,-111.89,-112.01,-112.07,-112.32,-112.34,-112.55,-112.69,-112.92,-112.97,-113.13,-113.41,-113.5,-113.62,-113.92,-114.06,-114.16,-114.26,-114.32,-114.17,-114.38,-114.62,-114.54,-114.62,-114.86,-114.85,-114.73,-114.81,-114.59,-114.63,-114.64,-114.55,-114.82,-114.83,-114.86,-114.84,-114.88,-114.81,-114.55,-114.64,-114.76,-114.79,-114.47,-114.85,-114.74,-114.49,-114.51,-114.2,-114.3,-114.37,-114.14,-114.21,-114.26,-114.21,-114.29,-114.13,-114.11,-114.25,-114.06,-113.99,-114.05,-113.74,-113.71,-113.52,-113.35,-113.29,-113.06,-113,-112.93,-112.8,-112.68,-112.6,-112.33,-112.24,-112.07,-112.13,-112.02,-111.8,-111.96,-111.79,-111.66,-111.66,-111.79,-111.46,-111.17,-111.32,-111.1,-111.29,-111.2,-110.96,-110.94,-110.77,-110.87,-110.49,-110.82,-110.8,-110.91,-110.23,-110.61,-110.79,-110.85,-110.88,-110.51,-110.71,-110.29,-110.49,-110.24
-2.4689,-2.5362,-2.5775,-2.7129,-3.463,-4.0136,-4.3839,-4.7727,-5.495,-6.051,-6.8669,-7.7144,-8.326,-9.218,-10.138,-10.834,-11.85,-12.555,-13.485,-14.272,-15.223,-15.966,-16.458,-17.315,-17.84,-18.319,-19.05,-19.835,-20.589,-20.915,-21.665,-21.955,-22.709,-22.938,-23.626,-24.04,-24.49,-24.873,-25.342,-25.844,-26.479,-26.739,-27.033,-27.459,-28.249,-28.741,-29.404,-29.864,-30.489,-31.465,-31.605,-32.287,-32.853,-33.591,-34.468,-35.126,-35.639,-36.436,-37.034,-37.792,-38.179,-38.862,-39.551,-40.117,-40.486,-41.33,-42.044,-42.141,-43.013,-43.263,-44.058,-44.707,-45.289,-45.781,-46.41,-46.83,-47.413,-48.12,-48.666,-49.208,-49.711,-50.069,-50.591,-50.905,-51.78,-51.992,-52.773,-53.25,-53.94,-54.164,-55.002,-55.397,-55.899,-56.718,-57.079,-57.629,-58.269,-58.701,-59.376,-59.737,-60.171,-60.653,-61.43,-61.666,-61.991,-62.828,-63.288,-63.751,-64.522,-64.925,-65.293,-65.851,-66.3,-66.78,-67.162,-67.73,-68.226,-68.758,-69.198,-69.703,-69.862,-70.191,-70.872,-71.154,-71.629,-72.072,-72.608,-72.878,-73.268,-73.861,-74.241,-74.652,-75.455,-75.803,-75.865,-76.406,-76.683,-77.218,-77.346,-77.943,-78.328,-78.749,-78.951,-79.284,-79.663,-80.08,-80.254,-80.371,-81.129,-81.566,-81.954,-82.114,-82.509,-83.125,-83.417,-83.765,-84.324,-84.87,-85.296,-85.609,-86.092,-86.369,-86.646,-87.169,-87.592,-87.68,-88.006,-88.156,-88.295,-88.461,-88.962,-89.069,-89.147,-89.348,-89.289,-89.712,-90.157,-90.122,-89.997,-90.427,-90.744,-90.516,-90.958,-91.118,-91.557,-91.565,-91.752,-91.793,-91.736,-92.072,-92.188,-92.217,-92.683,-92.713,-92.737,-92.957,-93.073,-93.122,-93.305,-93.419,-93.492,-93.406,-93.681,-93.413,-93.626,-93.559,-93.723,-93.67,-93.27,-93.357,-93.458,-93.671,-93.944,-93.838,-94.132,-94.16,-94.13,-94.185,-94.357,-94.454,-94.373,-94.391,-94.573,-94.634,-94.91,-94.77,-94.686,-94.559,-94.604,-94.715,-94.929,-94.967,-95.001,-94.98,-95.178,-95.395,-95.553,-95.276,-95.393,-95.421,-95.588
-9.4952,-9.3852,-9.5549,-9.517,-9.7712,-10.088,-10.425,-10.935,-11.661,-12.192,-12.758,-13.111,-13.798,-14.373,-15.014,-15.521,-16.476,-17.182,-18.141,-18.891,-19.808,-20.35,-21.084,-21.744,-22.449,-23.008,-23.653,-24.432,-24.987,-25.541,-26.431,-27.003,-27.744,-28.381,-29.316,-29.793,-30.899,-31.58,-32.201,-32.921,-33.801,-34.663,-35.323,-36.417,-37.609,-38.171,-38.931,-39.611,-40.497,-41.605,-42.415,-43.476,-44.133,-45.023,-45.922,-47.055,-47.629,-48.319,-49.378,-50.454,-50.998,-52.14,-52.65,-53.442,-54.485,-55.32,-55.783,-56.699,-57.638,-58.679,-59.59,-60.164,-61.066,-61.989,-62.686,-63.313,-64.466,-65.449,-65.884,-66.785,-67.454,-68.483,-69.281,-69.951,-70.567,-71.093,-71.63,-72.321,-72.93,-73.745,-74.263,-75.188,-75.835,-76.517,-77.05,-77.618,-78.291,-78.834,-79.452,-80.059,-80.62,-81.256,-81.741,-82.527,-82.992,-83.591,-83.902,-84.545,-85.248,-85.726,-86.159,-86.746,-87.286,-87.936,-88.506,-88.803,-89.335,-89.627,-90.308,-90.819,-91.239,-91.572,-91.929,-92.658,-93.072,-93.35,-93.638,-93.758,-94.386,-94.754,-95.15,-95.33,-95.699,-95.874,-96.488,-96.848,-97.129,-97.527,-97.867,-98.121,-98.304,-98.887,-98.988,-99.255,-99.836,-99.863,-99.976,-100.3,-100.69,-100.82,-101.27,-101.42,-101.71,-102.2,-102.14,-102.6,-102.7,-102.99,-103.1,-102.99,-103.56,-103.75,-104.02,-104.02,-104.09,-104.39,-104.4,-104.43,-104.77,-104.72,-104.74,-104.9,-104.79,-105.05,-105.2,-105.47,-105.23,-105.36,-105.51,-105.71,-105.68,-105.79,-105.96,-106.01,-106.15,-106.41,-106.78,-106.68,-106.51,-106.49,-106.71,-106.67,-106.92,-107.05,-106.91,-107.03,-107.16,-106.91,-106.99,-106.81,-106.87,-106.69,-106.93,-106.73,-106.81,-106.22,-106.33,-106.24,-106.54,-106.55,-106.35,-106.24,-106.23,-106.23,-106.23,-106.35,-105.8,-105.76,-105.79,-105.67,-105.55,-105.26,-105.21,-105.18,-105.04,-104.93,-104.64,-104.49,-104.57,-104.63,-104.29,-104.07,-104.03,-103.87,-103.71,-103.63,-103.67,-103.26,-103.21,-102.95,-102.86
-3.9377,-4.386,-4.314,-4.5534,-5.1343,-5.7083,-6.1148,-6.6754,-7.4193,-8.3367,-8.8663,-10.062,-10.476,-11.651,-12.838,-13.926,-14.989,-16.024,-17.131,-18.234,-19.451,-20.631,-21.693,-22.634,-23.84,-24.703,-25.978,-27.073,-28.311,-29.362,-30.216,-31.437,-32.337,-33.485,-34.521,-35.12,-36.195,-37.337,-38.228,-39.457,-40.202,-41.026,-42.275,-43.197,-44.021,-44.833,-45.901,-46.674,-47.677,-48.211,-49.38,-50.076,-50.952,-51.579,-52.693,-53.708,-54.338,-55.114,-55.717,-56.207,-56.963,-57.884,-58.798,-59.417,-60.203,-61.121,-61.611,-62.208,-62.992,-63.728,-64.506,-64.995,-65.658,-66.352,-66.759,-67.581,-67.976,-68.818,-69.469,-69.916,-70.49,-70.859,-71.526,-72.105,-72.689,-73.095,-73.434,-73.758,-74.674,-75.269,-75.676,-76.089,-76.617,-76.909,-77.199,-77.668,-77.903,-78.795,-78.843,-79.128,-79.6,-80.188,-80.637,-80.823,-81.256,-81.658,-81.962,-82.55,-82.812,-83.193,-83.612,-84.048,-84.218,-84.592,-84.732,-85.125,-85.398,-85.642,-85.975,-86.144,-86.329,-86.527,-86.947,-87.178,-87.597,-87.8,-88.011,-88.201,-88.471,-88.893,-88.912,-89.171,-89.135,-89.587,-89.921,-89.71,-89.935,-90.043,-90.222,-90.6,-90.668,-90.922,-90.98,-91.285,-91.164,-91.271,-91.654,-91.705,-92.382,-92.3,-92.42,-92.692,-92.681,-92.691,-92.886,-93.216,-93.212,-93.31,-93.647,-93.724,-93.705,-93.937,-93.985,-94.056,-94.23,-94.502,-94.768,-94.9,-94.809,-94.917,-94.96,-95.236,-95.154,-95.099,-95.069,-95.241,-95.214,-95.319,-95.69,-95.238,-95.427,-95.481,-95.655,-95.635,-95.493,-95.445,-95.782,-95.514,-95.68,-95.533,-95.825,-95.937,-95.985,-95.809,-95.823,-95.819,-95.891,-95.855,-96.102,-96.079,-96.076,-95.929,-96.088,-96.137,-95.789,-96.077,-96.353,-96.288,-96.081,-96.078,-96.193,-96.166,-95.947,-96.109,-95.977,-95.78,-95.863,-96.03,-95.665,-95.932,-95.871,-96.017,-95.853,-95.734,-95.795,-95.55,-95.48,-95.744,-95.802,-95.746,-95.775,-95.559,-95.833,-95.679,-95.378,-95.157,-95.249,-95.292,-95.518,-95.331,-95.446
-6.7452,-6.6253,-6.8505,-7.1399,-7.5611,-8.2479,-9.1572,-9.8987,-10.313,-10.927,-11.986,-12.964,-13.869,-14.908,-15.592,-16.769,-18.116,-19.433,-20.505,-21.619,-22.917,-24.324,-25.581,-26.674,-27.817,-28.653,-29.854,-30.621,-31.502,-32.34,-33.583,-34.024,-35.258,-36.192,-36.747,-37.367,-38.445,-39.362,-40.023,-41.157,-42.295,-42.932,-43.963,-44.657,-45.101,-46.371,-47.432,-48.272,-48.887,-49.789,-50.756,-51.556,-52.654,-53.158,-53.974,-54.599,-55.617,-55.947,-56.47,-57.215,-57.968,-59.341,-59.985,-60.241,-61.273,-62.051,-62.79,-63.444,-64.037,-64.638,-65.07,-65.821,-66.456,-66.768,-67.646,-68.236,-68.786,-69.422,-70.063,-70.802,-71.035,-71.328,-71.794,-72.744,-73.065,-73.694,-73.947,-74.382,-75.187,-75.329,-75.79,-76.223,-76.812,-76.976,-77.162,-77.59,-78.039,-78.264,-78.79,-79.025,-79.433,-79.972,-80.062,-80.003,-80.406,-80.705,-81.006,-81.387,-81.612,-82.263,-82.335,-82.628,-83.194,-83.449,-83.723,-84.166,-84.367,-84.573,-84.746,-85.252,-85.409,-85.499,-85.85,-85.917,-86.508,-86.489,-86.61,-87.073,-86.948,-87.35,-87.378,-87.862,-87.958,-88.32,-88.403,-88.339,-89.016,-88.974,-89,-89.128,-89.495,-89.628,-89.515,-89.484,-89.818,-90.037,-90.18,-90.548,-90.604,-90.909,-91.01,-91.108,-91.341,-91.688,-91.521,-91.985,-91.868,-92.088,-92.146,-92.262,-92.495,-92.861,-93.032,-92.87,-92.773,-93.101,-93.241,-93.498,-93.23,-93.489,-93.514,-93.548,-93.552,-93.826,-93.766,-93.778,-93.879,-93.874,-93.952,-93.969,-94.334,-94.415,-94.311,-94.541,-94.716,-94.708,-94.604,-94.542,-94.564,-94.528,-94.731,-94.764,-94.975,-94.741,-94.992,-94.874,-95.005,-95.015,-94.875,-94.924,-94.846,-95.007,-95.205,-95.114,-95.107,-95.013,-95.237,-95.232,-95.185,-95.323,-95.132,-95.082,-95.263,-95.579,-95.539,-95.401,-95.689,-95.685,-95.601,-95.583,-95.479,-95.931,-95.888,-96.023,-95.694,-95.88,-95.991,-95.953,-96.19,-96.208,-96.093,-96.22,-96.262,-96.216,-96.326,-96.346,-96.51,-96.336,-96.44,-96.333,-96.476
-7.7959,-7.6971,-8.0261,-8.1242,-8.4158,-8.8625,-9.3564,-9.8278,-10.377,-11.105,-11.81,-12.304,-13.085,-13.94,-14.327,-15.29,-16.082,-16.792,-17.578,-18.393,-19.582,-20.394,-20.879,-21.81,-22.679,-23.609,-24.601,-25.183,-26.228,-27.018,-27.959,-28.25,-29.027,-29.864,-30.607,-31.099,-31.766,-32.284,-33.104,-33.836,-34.622,-35.021,-35.616,-36.248,-36.95,-37.284,-38.278,-38.988,-39.394,-40.175,-40.787,-41.391,-41.755,-42.525,-43.294,-43.753,-44.51,-45.043,-45.705,-46.147,-46.794,-47.14,-47.907,-48.683,-49.294,-49.731,-50.281,-50.821,-51.298,-51.739,-52.156,-52.867,-53.169,-53.74,-54.349,-54.92,-55.25,-55.822,-56.063,-56.614,-57.119,-57.768,-58.163,-58.886,-59.306,-59.865,-60.198,-60.896,-61.243,-61.971,-62.452,-62.937,-63.319,-63.803,-64.226,-64.787,-65.359,-65.994,-66.5,-67.083,-67.701,-68.137,-68.708,-69.089,-69.704,-70.078,-70.929,-71.106,-71.715,-72.161,-72.687,-73.359,-73.755,-74.164,-74.526,-75.036,-75.626,-76.117,-76.631,-77.277,-77.441,-77.879,-78.3,-78.686,-79.194,-79.581,-79.764,-80.145,-80.435,-80.677,-81.352,-81.806,-82.072,-82.406,-82.684,-82.763,-83.293,-83.717,-83.989,-84.486,-84.898,-85.341,-85.486,-86.017,-86.482,-86.775,-87.059,-87.365,-87.944,-88.38,-88.512,-89.072,-89.175,-89.794,-90.335,-90.492,-90.965,-91.216,-91.525,-91.881,-92.225,-93.007,-93.205,-93.46,-93.745,-94.228,-94.287,-94.375,-94.53,-94.884,-95.321,-95.585,-95.787,-96.186,-96.651,-96.604,-96.761,-97.146,-97.391,-97.6,-97.645,-97.917,-98.054,-98.203,-98.556,-98.607,-98.903,-99.016,-99.115,-98.885,-99.035,-99.163,-99.019,-98.909,-99.092,-99.185,-99.109,-99.189,-99.142,-99.123,-99.186,-99.214,-99.394,-99.207,-99.382,-99.319,-99.401,-99.282,-99.386,-99.383,-99.522,-99.452,-99.391,-99.286,-99.471,-99.551,-99.424,-99.596,-99.615,-99.455,-99.391,-99.537,-99.632,-99.697,-99.69,-99.678,-99.706,-99.595,-99.951,-100.22,-100.19,-100.12,-100.29,-100.3,-100.19,-100.47,-100.57,-100.56,-100.85,-100.82,-100.8
-7.8569,-7.9985,-8.1875,-8.3417,-8.4035,-8.5522,-9.066,-9.4743,-9.7668,-10.304,-10.79,-11.262,-11.635,-12.298,-12.936,-13.566,-14.252,-14.979,-15.368,-16.171,-16.957,-17.358,-18.18,-19.013,-19.664,-20.31,-21.004,-21.743,-22.66,-23.249,-23.783,-24.712,-25.323,-25.996,-26.603,-27.467,-28.162,-28.927,-29.602,-30.494,-31.097,-32.043,-32.702,-33.234,-34.069,-34.588,-35.544,-36.398,-36.931,-37.641,-38.227,-39.18,-39.851,-40.683,-41.318,-42.059,-42.773,-43.347,-43.983,-44.584,-44.994,-45.7,-46.491,-46.776,-47.285,-47.759,-48.547,-49.031,-49.732,-50.102,-50.846,-51.534,-52.085,-52.904,-53.529,-54.153,-54.621,-55.117,-55.828,-56.288,-56.95,-57.448,-58.176,-58.386,-59.039,-59.6,-60.193,-60.786,-61.424,-62.015,-62.451,-62.965,-63.81,-64.38,-64.741,-65.292,-65.985,-66.276,-66.718,-67.265,-67.525,-67.867,-68.571,-68.842,-69.342,-69.728,-70.021,-70.168,-70.876,-71.222,-71.568,-72.088,-72.416,-72.895,-73.265,-73.596,-73.869,-74.538,-74.813,-75.207,-75.313,-75.838,-75.96,-76.496,-76.767,-77.087,-77.36,-77.723,-78.112,-78.352,-78.647,-79.079,-79.457,-79.669,-80.109,-80.199,-80.436,-80.514,-80.868,-80.973,-81.419,-81.383,-81.866,-82.151,-82.254,-82.655,-82.82,-82.915,-83.049,-83.245,-83.238,-83.583,-83.743,-84.134,-84.09,-84.534,-84.299,-84.695,-84.634,-84.908,-85.021,-85.016,-85.131,-85.322,-85.252,-85.672,-85.522,-85.518,-85.698,-85.738,-85.767,-86.214,-86.152,-86.308,-86.414,-86.14,-86.438,-86.653,-86.825,-86.942,-86.942,-87.114,-87.432,-87.245,-87.601,-87.682,-87.401,-87.649,-87.932,-87.691,-87.68,-88.04,-87.829,-87.832,-87.914,-87.67,-87.874,-87.82,-87.696,-87.766,-88.052,-87.763,-87.709,-87.953,-87.951,-87.988,-88.091,-88.16,-88.197,-88.041,-88.475,-88.355,-88.608,-88.611,-88.577,-88.751,-88.741,-88.659,-88.831,-89.099,-88.831,-88.991,-89.239,-89.094,-89.051,-89.224,-89.314,-89.183,-89.372,-89.512,-89.398,-89.564,-89.418,-89.516,-89.804,-89.741,-89.942,-89.688,-89.89,-89.768,-89.711
-15.22,-15.262,-15.344,-15.659,-15.767,-16.436,-16.851,-17.725,-18.207,-19.057,-19.687,-20.46,-21.418,-22.519,-23.193,-24.335,-25.205,-26.383,-27.128,-28.348,-29.252,-30.312,-31.512,-32.236,-33.413,-34.327,-35.217,-36.188,-37.175,-37.865,-38.918,-39.901,-40.881,-41.613,-42.451,-43.24,-43.976,-44.675,-45.321,-46.382,-47.129,-47.71,-48.869,-49.539,-50.603,-51.347,-52.088,-52.727,-53.593,-54.688,-55.578,-56.35,-56.911,-57.884,-58.566,-59.296,-59.931,-60.935,-61.734,-62.462,-63.233,-63.622,-64.434,-65.174,-65.68,-66.336,-67.073,-67.856,-68.712,-68.981,-69.752,-70.694,-71.074,-71.696,-72.558,-73.279,-74.086,-74.708,-75.427,-76.078,-76.764,-77.672,-77.864,-78.609,-79.292,-80.021,-80.531,-81.277,-81.774,-82.166,-82.649,-83.239,-83.824,-84.366,-84.869,-85.5,-86.234,-86.508,-86.911,-87.444,-88.169,-88.897,-89.351,-89.745,-90.375,-90.902,-91.518,-91.553,-92.241,-92.796,-93.226,-93.833,-94.094,-94.709,-95.15,-95.546,-96.241,-96.613,-96.927,-97.404,-97.651,-98.308,-98.483,-98.541,-98.884,-99.207,-99.992,-100.15,-100.66,-100.98,-101.16,-101.74,-102.14,-102.34,-102.81,-103.13,-103.48,-103.95,-104.23,-104.57,-104.78,-105.18,-105.45,-105.83,-105.78,-106.31,-106.32,-106.87,-107.11,-107.14,-107.5,-107.81,-107.97,-108.22,-108.49,-108.77,-109.07,-109.48,-109.49,-109.76,-109.78,-110.2,-110.21,-110.31,-110.66,-110.85,-110.71,-110.63,-110.78,-111.08,-111.03,-111.06,-111.33,-111.4,-111.65,-111.58,-111.71,-111.9,-111.66,-111.83,-112.01,-111.89,-111.84,-111.64,-111.91,-111.7,-111.82,-111.92,-111.97,-111.99,-111.86,-112.06,-112.18,-112.24,-112.14,-112.23,-112.38,-112.2,-112.4,-112.4,-112.25,-112.36,-112.32,-112.31,-112.46,-112.32,-112.33,-112.22,-112.24,-112.11,-112.14,-112.01,-111.87,-112.17,-112.15,-111.81,-111.77,-111.67,-111.6,-111.35,-111.11,-111.06,-111.01,-110.86,-110.76,-110.81,-110.83,-110.68,-110.42,-110.45,-110.43,-110.06,-110.08,-109.81,-109.72,-109.42,-109.23,-108.96,-108.68,-108.27,-108.22
-12.719,-12.618,-12.629,-13.11,-13.037,-13.708,-14.501,-15.295,-15.764,-16.518,-17.307,-18.325,-19.076,-20.139,-20.893,-22.142,-23.324,-24.224,-25.345,-26.633,-27.864,-28.556,-29.74,-30.72,-31.671,-32.8,-33.634,-34.712,-35.657,-36.785,-37.335,-38.391,-39.268,-40.261,-41.417,-42.08,-43.025,-43.996,-44.764,-46.034,-46.895,-47.515,-48.751,-49.191,-50.603,-50.971,-51.927,-52.396,-53.447,-54.107,-54.931,-55.526,-56.105,-56.834,-57.796,-58.267,-58.878,-59.263,-60.081,-60.743,-61.143,-61.66,-62.435,-62.812,-63.42,-63.615,-63.945,-64.997,-65.421,-66.056,-66.809,-67.483,-67.633,-68.543,-68.931,-69.61,-70.074,-70.436,-70.901,-71.162,-71.913,-72.724,-72.932,-73.32,-73.731,-74.379,-75.05,-75.419,-75.6,-75.865,-76.347,-76.511,-77.181,-77.602,-77.68,-78.324,-78.616,-79.105,-79.36,-79.7,-80.205,-80.539,-80.854,-81.315,-81.77,-82.173,-82.279,-82.858,-83.087,-83.345,-83.528,-84.372,-84.536,-84.774,-85.037,-85.348,-85.425,-85.628,-85.947,-86.264,-86.464,-86.721,-86.929,-87.168,-87.15,-87.395,-87.707,-87.882,-88.162,-88.363,-88.486,-88.789,-88.909,-89.108,-89.307,-89.512,-89.816,-90.058,-90.185,-90.424,-90.57,-90.716,-90.966,-91.088,-91.161,-91.642,-91.644,-91.436,-91.563,-91.804,-91.905,-91.95,-92.076,-92.201,-92.308,-92.444,-92.693,-92.801,-92.955,-93.135,-93.286,-93.283,-93.606,-93.469,-93.957,-93.991,-94.149,-94.359,-94.56,-94.426,-94.577,-94.57,-94.704,-94.787,-94.833,-94.85,-94.4,-94.708,-94.512,-94.581,-94.685,-94.575,-94.833,-94.935,-95.09,-95.008,-94.954,-95.222,-95.504,-95.648,-95.609,-95.722,-96.019,-95.804,-96.138,-96.132,-96.211,-96.42,-96.215,-96.307,-96.43,-96.544,-96.396,-96.528,-96.58,-96.542,-96.683,-96.813,-96.956,-96.969,-97.076,-97.041,-97.218,-97.089,-97.186,-97.32,-97.278,-97.228,-97.073,-97.069,-97.143,-97.207,-97.077,-97.205,-97.225,-97.043,-97.075,-97.208,-97.264,-97.269,-97.221,-97.362,-97.323,-97.1,-97.358,-97.5,-97.322,-97.608,-97.654,-97.512,-97.501
-10.195,-10.406,-10.435,-10.682,-11.112,-11.869,-12.457,-13.103,-13.865,-14.711,-15.23,-16.441,-17.199,-18.666,-19.73,-20.836,-22.075,-23.389,-24.738,-25.951,-27.338,-28.642,-30.04,-31.291,-32.933,-34.307,-35.566,-36.677,-37.647,-38.752,-39.968,-40.893,-42.116,-43.256,-44.291,-45.105,-45.828,-47.073,-47.695,-48.928,-49.73,-50.576,-51.548,-52.462,-53.231,-53.71,-54.728,-55.806,-56.509,-57.285,-57.982,-58.542,-59.614,-60.58,-61.403,-62.066,-63.107,-64.264,-64.512,-65.422,-66.623,-67.144,-68.129,-68.697,-69.634,-70.76,-71.853,-72.712,-73.562,-74.237,-75.398,-76.389,-77.303,-78.552,-79.311,-80.301,-80.717,-81.674,-82.488,-83.648,-84.155,-85.277,-85.954,-86.969,-88.005,-88.415,-89.687,-90.625,-91.751,-92.378,-93.506,-94.611,-95.374,-96.194,-97.169,-97.712,-98.75,-99.66,-100.44,-101.23,-102.04,-103.11,-103.87,-104.43,-104.98,-105.87,-106.3,-106.87,-107.51,-107.98,-108.61,-108.78,-109.27,-109.89,-110.16,-110.57,-111.43,-111.62,-112.12,-112.64,-112.98,-113.36,-113.62,-114.19,-114.59,-115.25,-115.4,-116.21,-116.6,-116.97,-117.48,-118.15,-118.74,-118.73,-119.2,-119.62,-120,-120.3,-120.47,-120.93,-121.09,-121.33,-121.43,-121.52,-121.51,-121.63,-121.7,-121.76,-121.75,-121.74,-121.9,-121.98,-121.97,-121.89,-121.94,-122.27,-122.26,-122.27,-122.51,-122.61,-122.74,-123.14,-122.79,-122.79,-123.06,-122.95,-123.04,-123.21,-123.24,-123.38,-123.7,-123.91,-124.04,-124.15,-124.29,-124.08,-124.39,-124.43,-124.3,-124.34,-124.08,-124.21,-124.03,-124.04,-123.94,-123.9,-124.08,-123.48,-123.9,-124.03,-124.11,-124.15,-124.21,-124.12,-124.06,-124.06,-124.22,-124.05,-124.39,-123.95,-123.67,-123.72,-123.6,-123.65,-124,-123.79,-123.93,-123.83,-123.84,-123.72,-124.09,-123.71,-123.81,-123.55,-123.53,-123.6,-123.37,-123.17,-123.05,-123.05,-122.93,-122.83,-122.73,-122.35,-122.22,-122.08,-121.82,-121.57,-121.38,-121.12,-120.85,-120.57,-120.43,-120.6,-120.35,-120.18,-119.65,-120.01,-119.91,-119.68,-119.68
2.41,2.1234,1.8493,1.5348,0.91126,0.4775,-0.066962,-1.0418,-1.8879,-3.1114,-4.0641,-4.9946,-6.3557,-7.9606,-9.1896,-10.771,-12.595,-14.121,-15.676,-17.006,-18.644,-20.115,-21.25,-23.11,-24.491,-25.671,-26.907,-28.102,-28.742,-30.236,-31.254,-32.118,-32.941,-33.97,-34.8,-35.595,-36.46,-37.156,-37.416,-38.212,-38.745,-39.253,-40.017,-40.804,-41.324,-42.408,-42.867,-43.858,-44.334,-45.32,-46.023,-47.024,-47.551,-48.156,-48.564,-49.503,-49.503,-50.208,-50.709,-51.03,-51.416,-51.978,-52.234,-52.876,-53.139,-53.625,-54.158,-54.192,-55.025,-55.486,-56.022,-56.786,-57.443,-57.718,-58.345,-58.816,-59.503,-59.805,-60.292,-60.856,-61.061,-61.668,-61.93,-62.057,-62.279,-62.549,-62.84,-63.446,-63.825,-63.897,-64.403,-64.812,-65.179,-65.557,-66.013,-66.414,-66.918,-67.472,-67.879,-68.317,-68.91,-69.596,-69.976,-70.515,-70.957,-71.895,-71.893,-72.71,-73.206,-73.477,-73.851,-74.56,-74.802,-75.019,-75.378,-75.75,-75.912,-76.187,-76.59,-76.658,-77.316,-77.754,-77.999,-78.254,-78.954,-79.46,-79.513,-79.601,-79.964,-80.088,-80.695,-81.114,-81.525,-81.604,-81.966,-82.217,-82.783,-83.064,-83.392,-83.626,-84.245,-84.512,-84.884,-85.106,-85.024,-85.477,-85.792,-86.268,-86.089,-86.422,-86.662,-86.877,-86.993,-86.993,-87.311,-87.393,-87.737,-87.984,-88.396,-88.77,-88.71,-89.006,-89.176,-89.401,-89.598,-89.934,-90.102,-90.448,-90.626,-90.67,-91.002,-91.201,-91.125,-91.36,-91.709,-91.983,-92.009,-92.139,-92.189,-92.539,-92.593,-92.945,-93.191,-93.065,-92.878,-93.222,-93.285,-93.489,-93.524,-93.517,-93.481,-93.648,-93.809,-93.967,-93.673,-94.175,-94.335,-94.334,-94.531,-94.387,-94.762,-94.738,-95.058,-95.091,-95.243,-95.449,-95.552,-95.599,-95.867,-96.064,-96.029,-95.974,-96.578,-96.988,-96.854,-97.184,-97.523,-97.439,-97.953,-98.24,-97.972,-98.483,-98.375,-98.756,-99.027,-98.922,-98.926,-98.914,-99.075,-99.15,-99.312,-99.38,-99.738,-100.09,-100.34,-100.5,-100.7,-100.79,-101.07,-101.14,-101.3
-7.4456,-7.6086,-7.5939,-7.88,-8.1743,-8.6494,-9.1812,-9.4581,-10.223,-10.902,-11.467,-12.157,-12.962,-13.454,-14.363,-15.338,-16.283,-17.371,-18.104,-19.008,-20.093,-21.232,-22.341,-23.026,-24.246,-25.17,-26.447,-27.278,-28.544,-29.553,-30.627,-31.51,-32.474,-33.63,-34.727,-35.473,-36.397,-37.281,-38.167,-38.945,-39.695,-40.591,-41.377,-42.305,-43.077,-43.696,-44.529,-45.161,-45.805,-46.634,-47.209,-47.833,-48.399,-49.038,-49.769,-50.513,-51.21,-51.808,-52.313,-52.91,-53.477,-54.015,-54.521,-55.265,-55.701,-56.218,-56.859,-57.502,-57.998,-58.495,-59.055,-59.355,-59.968,-60.481,-60.965,-61.276,-61.652,-62.412,-62.669,-63.087,-63.403,-64.021,-64.377,-64.628,-65.03,-65.424,-65.776,-66.098,-66.566,-66.913,-67.261,-67.527,-67.993,-68.342,-68.72,-69.037,-69.39,-69.779,-70.05,-70.451,-70.625,-70.968,-71.33,-71.675,-72.031,-72.261,-72.624,-72.886,-73.396,-73.44,-74.011,-74.299,-74.263,-74.697,-74.92,-75.217,-75.339,-75.56,-75.81,-76.062,-76.534,-76.992,-76.921,-77.451,-77.352,-77.656,-77.942,-78.125,-78.267,-78.546,-78.905,-79.232,-79.384,-79.477,-79.817,-80.109,-80.436,-80.812,-81.087,-81.301,-81.636,-81.814,-82.107,-82.32,-82.515,-82.716,-83.111,-83.424,-83.438,-83.845,-84.068,-84.482,-84.78,-84.986,-85.26,-85.522,-85.907,-86.235,-86.384,-86.468,-86.83,-87.13,-87.255,-87.528,-87.405,-87.744,-87.817,-87.944,-88.269,-88.395,-88.579,-88.764,-88.712,-88.92,-89.1,-89.379,-89.551,-89.672,-89.734,-89.774,-89.93,-90.024,-90.273,-90.448,-90.344,-90.389,-90.596,-90.579,-90.786,-90.871,-90.968,-91.104,-91.355,-91.45,-91.55,-91.545,-91.609,-91.724,-91.671,-92.059,-91.878,-92.072,-92.102,-92.228,-92.358,-92.529,-92.545,-92.636,-92.63,-92.652,-93.009,-93.036,-93.113,-93.254,-93.359,-93.218,-93.426,-93.446,-93.387,-93.521,-93.715,-93.712,-93.709,-93.707,-93.704,-93.829,-93.903,-94.014,-94.023,-93.888,-93.982,-93.946,-93.981,-93.991,-93.906,-93.871,-93.947,-94.017,-94.026,-93.926,-94.003
-0.94212,-1.1761,-1.1409,-1.2204,-1.7285,-2.0701,-2.8858,-3.202,-3.6485,-4.3302,-4.9996,-5.5271,-6.3364,-6.9256,-7.5087,-8.2727,-8.525,-9.5192,-9.9816,-10.747,-11.427,-12.24,-12.996,-13.874,-14.425,-15.537,-16.057,-16.725,-17.672,-18.17,-18.883,-19.681,-20.132,-21.039,-21.794,-22.54,-23.424,-24.525,-25.178,-26.057,-26.869,-27.827,-28.913,-29.615,-30.259,-30.982,-31.585,-32.242,-32.639,-33.291,-33.952,-34.502,-34.909,-35.465,-36.195,-36.759,-37.184,-37.799,-38.699,-38.897,-39.961,-40.279,-40.643,-41.357,-41.827,-42.429,-43.057,-43.225,-43.504,-44.155,-44.564,-45.116,-45.566,-45.87,-46.193,-46.581,-46.904,-47.367,-47.871,-48.35,-48.688,-49.073,-49.2,-50.101,-50.181,-50.726,-51.218,-51.61,-52.168,-52.739,-52.879,-53.446,-53.938,-54.297,-54.79,-55.243,-55.426,-55.837,-56.388,-56.63,-56.965,-57.546,-57.912,-58.05,-58.293,-58.683,-59.25,-59.617,-59.775,-60.223,-60.685,-60.615,-61.287,-61.413,-61.768,-62.086,-62.408,-62.69,-62.889,-63.259,-63.793,-63.994,-64.317,-64.405,-64.552,-64.806,-65.139,-65.275,-65.625,-65.977,-66.126,-66.267,-66.708,-66.668,-67.076,-67.281,-67.563,-67.745,-68.022,-68.235,-68.405,-68.584,-68.937,-69.208,-69.32,-69.446,-69.807,-70.191,-70.24,-70.496,-70.694,-71.059,-71.137,-71.306,-71.624,-71.766,-72.139,-72.589,-72.499,-72.776,-72.735,-72.912,-73.234,-73.232,-73.304,-73.706,-73.694,-73.738,-73.698,-73.939,-74.252,-74.365,-74.559,-74.738,-74.838,-74.887,-75.176,-75.249,-75.344,-75.453,-75.585,-76.013,-75.81,-75.995,-76.121,-76.194,-76.46,-76.751,-76.784,-77.127,-77.18,-77.327,-77.613,-77.33,-77.585,-77.718,-77.929,-77.96,-78.131,-78.247,-78.284,-78.632,-78.786,-78.821,-78.838,-79.226,-79.184,-79.046,-79.227,-79.334,-79.295,-79.694,-79.697,-79.678,-79.963,-79.903,-80.176,-80.216,-80.233,-80.262,-80.349,-80.19,-80.504,-80.423,-80.432,-80.625,-80.905,-80.712,-80.811,-81.159,-81.111,-80.627,-81.162,-81.243,-80.96,-81.46,-81.253,-81.449,-81.461,-81.907,-81.594
-9.0927,-8.85,-9.2148,-9.187,-9.6686,-10.117,-10.418,-10.633,-10.912,-11.142,-12.077,-12.611,-13.071,-13.392,-14.123,-15.121,-15.402,-16.315,-16.884,-17.568,-18.271,-19.137,-19.617,-20.422,-21.454,-22.037,-22.754,-23.181,-24.041,-24.781,-25.578,-26.096,-26.983,-27.549,-28.412,-29.01,-30.063,-30.402,-31.084,-31.901,-32.714,-33.396,-34.3,-34.954,-35.787,-36.313,-37.432,-37.913,-38.92,-39.427,-40.193,-40.967,-41.858,-42.426,-43.193,-44.042,-44.652,-45.513,-46.212,-46.587,-47.298,-47.951,-48.472,-49.364,-49.665,-50.593,-50.877,-51.601,-52.555,-53.194,-53.441,-54.285,-54.917,-55.522,-55.841,-56.392,-57.253,-57.546,-58.193,-58.758,-59.571,-59.97,-60.816,-61.273,-61.713,-62.559,-62.998,-63.798,-64.319,-64.968,-65.386,-66.097,-66.695,-67.117,-67.994,-68.738,-69.088,-69.566,-70.165,-70.702,-71.051,-71.433,-72.237,-72.4,-73.561,-73.926,-74.319,-75.079,-75.312,-76.149,-76.671,-77.237,-77.722,-78.462,-78.878,-79.595,-79.931,-80.42,-81.298,-81.464,-82.025,-82.449,-82.872,-83.317,-83.844,-84.398,-84.939,-85.416,-85.948,-86.268,-86.596,-87.055,-87.594,-88.169,-88.413,-88.649,-89.02,-89.552,-89.803,-90.077,-90.334,-90.874,-91.004,-91.116,-91.601,-91.635,-92.099,-92.537,-92.743,-93.052,-93.373,-93.73,-93.867,-94.417,-94.271,-94.615,-94.975,-95.265,-95.385,-95.509,-95.652,-95.902,-96.124,-96.666,-96.782,-96.768,-97.062,-97.652,-97.493,-97.925,-97.938,-98.187,-98.347,-98.174,-98.634,-98.92,-98.68,-98.837,-99.142,-99.449,-99.749,-99.929,-99.745,-100.01,-100.03,-100.44,-100.49,-100.47,-100.27,-100.64,-100.65,-100.78,-100.49,-100.66,-100.43,-100.7,-100.75,-100.61,-100.89,-101.04,-100.9,-101.02,-100.76,-100.83,-101.07,-101.11,-100.92,-100.8,-100.94,-100.94,-101.09,-100.72,-101.05,-101.03,-100.92,-100.99,-101.11,-100.84,-101.29,-101.07,-100.97,-101.24,-101.18,-101.22,-101.15,-101.17,-101.24,-101.21,-101.44,-101.36,-101.31,-101.34,-101.21,-101.37,-101.59,-101.66,-101.53,-101.82,-102.04,-102.04,-101.97
-5.8636,-6.1752,-6.103,-6.5312,-6.7915,-7.3368,-7.7125,-8.1645,-8.4212,-9.1022,-9.9151,-10.433,-11.07,-11.763,-12.578,-13.738,-14.495,-15.138,-15.957,-17.081,-18.108,-18.749,-19.7,-20.425,-21.177,-22.349,-23.235,-24.074,-24.77,-25.578,-26.647,-27.501,-28.442,-29.218,-29.917,-30.909,-31.944,-33.022,-33.861,-34.729,-35.385,-36.197,-37.28,-37.899,-38.972,-39.603,-40.358,-41.466,-42.169,-42.845,-43.778,-44.503,-45.15,-45.806,-46.737,-47.451,-48.102,-49.001,-49.695,-50.455,-51.236,-51.945,-52.801,-53.634,-54.107,-54.935,-55.711,-56.541,-57.234,-57.908,-58.623,-59.483,-60.321,-60.836,-61.544,-61.969,-62.813,-63.348,-64.085,-64.731,-65.496,-65.973,-66.679,-67.229,-67.851,-68.446,-68.905,-69.565,-70.105,-70.789,-71.319,-71.754,-72.293,-72.917,-73.427,-73.84,-74.26,-74.805,-75.049,-75.398,-75.745,-76.154,-76.442,-77.001,-77.418,-77.683,-78.012,-78.558,-78.629,-79.158,-79.442,-79.666,-80.038,-80.199,-80.517,-80.846,-81.196,-81.291,-81.545,-81.799,-82.079,-82.458,-82.543,-82.632,-82.928,-83.11,-82.999,-83.393,-83.613,-83.714,-83.796,-84.051,-84.071,-84.168,-84.321,-84.379,-84.777,-84.754,-84.84,-84.872,-84.992,-85.149,-85.262,-85.472,-85.747,-85.897,-86.093,-86.221,-86.373,-86.447,-86.622,-86.713,-86.742,-86.821,-87.033,-87.096,-87.3,-87.248,-87.496,-87.739,-87.986,-87.899,-87.97,-88.259,-88.334,-88.359,-88.59,-88.356,-88.507,-88.758,-88.911,-88.9,-89.144,-89.093,-89.425,-89.642,-89.814,-90.07,-89.914,-89.945,-90.133,-90.329,-90.546,-90.558,-90.493,-90.708,-91.004,-90.955,-91.086,-91.241,-91.362,-91.597,-91.496,-91.491,-91.68,-91.772,-91.873,-91.849,-91.919,-92.094,-92.182,-92.308,-92.348,-92.229,-92.366,-92.495,-92.7,-92.74,-92.901,-92.997,-92.991,-92.665,-93.166,-93.273,-93.197,-93.36,-93.233,-93.391,-93.463,-93.413,-93.541,-93.387,-93.583,-93.561,-93.61,-93.644,-93.495,-93.736,-93.637,-93.638,-93.583,-93.707,-93.641,-93.538,-93.477,-93.566,-93.415,-93.45,-93.506,-93.572,-93.546
-8.3143,-8.3856,-8.4709,-8.5003,-8.8275,-9.0519,-9.414,-9.9362,-10.588,-11.2,-11.86,-12.619,-13.555,-14.437,-15.045,-16.063,-16.81,-17.721,-18.722,-19.768,-20.628,-21.52,-22.529,-23.266,-24.535,-25.179,-26.12,-27.138,-27.816,-28.681,-29.663,-30.402,-30.981,-32.068,-32.644,-33.688,-34.347,-35.215,-35.952,-36.668,-37.308,-38.375,-39.14,-39.878,-40.712,-41.548,-42.427,-43.07,-43.927,-44.837,-45.376,-46.497,-47.199,-47.884,-48.757,-49.603,-50.232,-50.987,-51.846,-52.353,-53.239,-53.737,-54.781,-55.485,-56.324,-56.802,-57.299,-58.255,-58.931,-59.662,-60.309,-61.127,-61.982,-62.584,-63.248,-64.008,-64.704,-65.473,-66.177,-66.89,-67.828,-68.371,-69.265,-69.965,-70.416,-71.233,-71.989,-72.571,-73.111,-73.954,-74.666,-75.384,-75.959,-76.663,-77.128,-77.998,-78.699,-79.349,-80.058,-80.668,-81.416,-81.916,-82.777,-83.223,-83.553,-84.392,-84.834,-85.287,-86,-86.685,-87.341,-87.738,-88.423,-89.042,-89.459,-89.8,-90.416,-91.019,-91.337,-91.791,-92.417,-92.824,-93.336,-93.785,-94.345,-94.699,-95.361,-95.591,-95.916,-96.415,-96.887,-97.406,-97.793,-98.213,-98.712,-99.103,-99.577,-99.981,-100.61,-100.79,-101.39,-101.76,-102.18,-102.51,-102.94,-103.45,-103.44,-104.03,-104.58,-104.8,-105.17,-105.65,-105.9,-106.23,-106.47,-106.74,-107.33,-107.54,-107.86,-108.07,-108.14,-108.85,-108.87,-108.99,-109.36,-109.49,-109.6,-110.06,-110,-110.35,-110.46,-110.36,-110.73,-110.84,-111.07,-111.02,-111.26,-111.28,-111.45,-111.48,-111.64,-111.85,-111.76,-111.87,-112.07,-112.14,-112.33,-112.38,-112.39,-112.43,-112.61,-112.59,-112.77,-112.79,-112.98,-112.79,-112.89,-113.12,-112.97,-113.03,-112.88,-112.87,-112.8,-112.85,-112.92,-112.95,-112.83,-112.58,-112.55,-112.5,-112.43,-112.4,-112.14,-112.13,-111.91,-111.8,-111.69,-111.61,-111.48,-111.48,-111.26,-111.15,-110.93,-110.76,-110.68,-110.52,-110.49,-110.42,-110.25,-110.08,-109.9,-109.78,-109.57,-109.41,-109.29,-109.24,-108.94,-108.95,-108.8,-109,-108.79
-7.337,-7.4622,-7.5092,-8.0178,-8.3293,-8.6601,-9.2001,-9.2217,-10.273,-11.245,-11.961,-13.032,-14.012,-14.918,-15.783,-17.092,-18.139,-19.286,-20.342,-21.49,-22.659,-23.49,-24.576,-25.84,-26.785,-27.644,-28.471,-29.354,-30.324,-31.003,-32.201,-33.205,-33.779,-34.768,-35.318,-36.205,-37.141,-38.457,-39.448,-39.893,-40.973,-41.913,-42.731,-43.711,-44.924,-45.811,-46.886,-47.891,-48.82,-49.561,-50.457,-51.442,-52.639,-53.458,-54.463,-55.532,-56.332,-57.487,-58.58,-59.466,-60.626,-61.552,-62.673,-63.82,-64.821,-66.083,-66.857,-67.901,-68.8,-70.108,-71.218,-72.059,-73.169,-73.997,-74.94,-75.85,-76.652,-77.744,-78.245,-79.394,-80.189,-80.945,-81.966,-82.412,-83.228,-84.374,-85.082,-85.854,-86.741,-87.626,-88.313,-89.133,-90.011,-90.972,-91.934,-92.096,-92.869,-93.849,-94.581,-94.832,-95.834,-96.467,-97.25,-97.82,-98.45,-99.504,-99.906,-100.19,-101.24,-101.58,-101.98,-102.66,-102.78,-103.29,-103.67,-104.21,-104.65,-104.76,-105.26,-105.51,-105.94,-106.53,-106.83,-107.18,-107.42,-107.97,-108.23,-108.48,-108.68,-108.78,-109.28,-109.43,-109.53,-110.02,-110.1,-110.37,-110.65,-110.6,-110.74,-110.73,-111.24,-111.29,-111.3,-111.36,-111.59,-111.72,-111.98,-112.05,-111.95,-111.79,-112.06,-112.15,-111.68,-111.85,-111.82,-111.68,-111.73,-111.85,-111.67,-111.47,-111.7,-111.49,-111.51,-111.6,-111.5,-111.39,-111.48,-111.17,-110.91,-110.93,-110.87,-110.59,-110.56,-110.41,-110.53,-110.47,-110.25,-109.9,-109.77,-109.69,-109.42,-109.15,-108.88,-108.64,-108.61,-108.18,-107.94,-107.8,-107.57,-107.25,-107.45,-106.88,-106.43,-106.46,-106.15,-105.59,-105.54,-105.62,-105.1,-104.75,-104.04,-103.77,-103.53,-103.32,-102.88,-102.61,-102.43,-102.07,-101.55,-100.92,-100.93,-100.19,-100.12,-99.959,-99.465,-98.999,-98.75,-98.285,-97.969,-97.586,-97.227,-97.092,-96.538,-96.258,-95.823,-95.606,-95.341,-94.826,-94.714,-94.463,-93.995,-93.885,-93.662,-93.459,-93.355,-93.23,-92.822,-92.748,-92.532,-91.998,-92.09
-16.005,-16.266,-16.472,-16.668,-16.974,-17.5,-17.901,-18.376,-19.051,-19.63,-20.298,-20.698,-21.468,-22.351,-23.219,-24.093,-24.766,-25.683,-27.182,-27.568,-28.728,-29.807,-30.776,-31.786,-32.896,-33.972,-35.055,-35.887,-36.595,-37.727,-38.634,-39.723,-40.573,-41.29,-42.379,-43.1,-44.468,-45.088,-45.664,-46.245,-47.297,-47.933,-48.808,-49.763,-50.448,-51.217,-52.07,-53.034,-53.481,-54.427,-55.194,-56.117,-56.518,-57.773,-58.423,-59.187,-59.625,-60.429,-61.25,-61.889,-62.604,-63.443,-64.408,-65.004,-65.92,-66.604,-67.266,-68.038,-68.709,-69.543,-70.087,-71.049,-71.711,-72.268,-72.883,-73.666,-74.056,-74.614,-75.194,-75.902,-76.575,-77.049,-77.532,-78.328,-79.022,-79.421,-79.973,-80.823,-81.313,-81.875,-82.496,-83.173,-83.895,-84.62,-84.993,-85.584,-86.047,-86.751,-87.674,-87.932,-88.628,-88.911,-89.248,-89.71,-90.245,-90.779,-91.291,-91.895,-92.768,-92.937,-93.284,-93.845,-94.542,-94.87,-95.473,-95.992,-96.283,-96.647,-96.866,-97.248,-97.695,-98.271,-98.422,-98.685,-99.065,-99.064,-99.467,-100.14,-100.37,-100.71,-100.88,-101.03,-101.7,-101.81,-101.89,-101.99,-102.46,-102.62,-102.85,-102.99,-102.92,-103.17,-103.48,-103.72,-103.8,-103.92,-104.27,-104.12,-104.33,-104.16,-104.74,-104.58,-104.92,-104.95,-105.09,-105.19,-105.03,-105.1,-105.25,-105.3,-105.43,-105.57,-105.58,-105.43,-105.52,-105.8,-105.98,-105.52,-105.7,-105.77,-105.61,-105.69,-105.77,-106.02,-105.78,-105.86,-105.82,-105.92,-105.97,-105.88,-105.9,-106.08,-105.81,-105.98,-105.96,-106.06,-105.92,-105.75,-105.93,-106.15,-106.3,-106,-106.03,-106.11,-106.36,-106.26,-106.08,-105.99,-105.95,-105.95,-105.65,-105.94,-105.78,-105.72,-105.82,-105.59,-105.68,-105.98,-105.57,-105.4,-105.52,-105.61,-105.58,-105.52,-105.57,-105.31,-105.18,-105.26,-105.03,-105.18,-105.14,-105.09,-104.96,-104.96,-104.63,-104.43,-104.58,-104.59,-104.41,-104.33,-104.39,-104.42,-104.44,-104.31,-103.94,-104.08,-103.92,-103.71,-103.68,-103.68,-103.73
-18.09,-18.059,-18.323,-18.198,-18.367,-18.547,-19.267,-19.604,-20.152,-20.741,-21.725,-22.498,-23.203,-23.905,-24.927,-25.655,-26.451,-27.41,-28.086,-28.915,-29.731,-30.263,-31.379,-31.715,-32.982,-33.696,-34.327,-35.115,-36.256,-37.177,-37.876,-39.021,-39.971,-40.618,-41.709,-42.465,-43.289,-44.243,-44.995,-45.815,-46.702,-47.47,-48.222,-49.011,-49.747,-50.718,-51.397,-52.396,-52.856,-53.676,-54.187,-55.084,-55.573,-56.333,-56.898,-57.955,-58.591,-59.252,-59.796,-60.328,-61.201,-61.645,-62.606,-63.131,-64.066,-64.733,-65.348,-66.246,-66.916,-67.517,-68.016,-68.639,-69.21,-69.804,-70.668,-71.203,-71.584,-72.036,-73.033,-73.459,-74.102,-74.958,-75.353,-76.05,-76.603,-77.144,-77.661,-78.017,-78.765,-79.258,-79.671,-80.584,-80.951,-81.344,-82.069,-82.636,-83.165,-83.512,-84.124,-84.867,-85.51,-86.002,-86.437,-87.127,-87.551,-88.109,-88.563,-89.076,-89.411,-90.107,-90.299,-91.171,-91.567,-91.877,-92.448,-93.279,-93.585,-94.008,-94.515,-94.981,-95.201,-95.158,-95.977,-96.243,-96.947,-97.097,-97.634,-98.069,-98.382,-98.805,-99.129,-99.551,-99.918,-100.3,-100.46,-101.02,-101.46,-101.58,-101.71,-102.55,-102.54,-102.93,-103.42,-103.71,-103.9,-103.98,-104.56,-104.55,-104.66,-104.95,-105.43,-105.77,-106.22,-106.07,-106.27,-106.54,-106.69,-106.91,-106.86,-107.02,-107.41,-107.26,-107.45,-107.67,-107.44,-107.65,-107.91,-107.95,-108.17,-108.19,-108.33,-108.68,-108.56,-108.56,-108.84,-108.86,-108.79,-108.69,-108.95,-108.88,-108.86,-108.74,-108.87,-108.89,-108.93,-109.04,-108.85,-108.91,-108.67,-108.87,-108.88,-108.78,-108.67,-108.95,-108.69,-108.58,-108.56,-108.55,-108.43,-108.36,-108.21,-108.03,-107.87,-107.43,-107.42,-107.04,-106.99,-106.67,-106.33,-106.39,-106.05,-105.75,-105.6,-105.33,-105.01,-104.78,-104.37,-104.5,-104.21,-103.85,-103.77,-103.5,-102.96,-102.74,-102.71,-102.52,-102.48,-101.91,-102.05,-101.72,-101.22,-101.1,-100.8,-100.54,-100.39,-100.01,-99.882,-99.505,-99.311,-98.945,-98.768
-11.232,-11.505,-11.649,-11.968,-12.408,-12.687,-12.961,-13.723,-14.121,-14.861,-15.483,-16.258,-17.119,-18.048,-18.729,-19.639,-20.171,-21.086,-22.114,-22.98,-23.719,-24.472,-25.288,-26.02,-26.822,-27.532,-28.211,-29.045,-29.706,-30.541,-31.333,-32.098,-32.967,-33.721,-34.389,-35.093,-35.762,-36.687,-37.289,-38.136,-39.117,-40.011,-40.525,-41.273,-41.961,-42.789,-43.577,-44.328,-44.985,-45.851,-46.718,-47.394,-48.309,-48.966,-49.776,-50.641,-51.552,-52.199,-52.835,-53.719,-54.457,-55.291,-55.947,-56.87,-57.582,-58.371,-59.149,-59.748,-60.681,-61.095,-61.794,-62.703,-63.277,-63.96,-64.57,-65.283,-66.122,-66.8,-67.227,-67.916,-68.725,-69.034,-69.785,-70.253,-70.977,-71.68,-72.193,-72.875,-73.555,-74.133,-74.788,-75.365,-76.129,-76.464,-77.07,-77.544,-78.212,-78.724,-79.28,-79.723,-80.26,-80.759,-81.141,-81.624,-82.169,-82.539,-83.006,-83.227,-83.718,-84.204,-84.682,-85.294,-85.576,-86.058,-86.285,-86.709,-87.004,-87.426,-87.836,-88.163,-88.371,-88.6,-89.016,-89.313,-89.622,-89.898,-90.166,-90.407,-90.605,-90.619,-90.837,-91.008,-91.339,-91.493,-91.61,-91.797,-91.865,-92.202,-92.363,-92.509,-92.623,-92.799,-92.843,-93.016,-93.092,-93.227,-93.294,-93.339,-93.526,-93.819,-93.848,-93.927,-94.04,-94.113,-94.205,-94.294,-94.3,-94.476,-94.409,-94.498,-94.574,-94.687,-94.578,-94.649,-94.682,-94.761,-94.989,-94.975,-94.94,-94.928,-95.133,-95.048,-95.12,-95.23,-95.165,-95.166,-95.171,-95.276,-95.28,-95.423,-95.169,-95.345,-95.428,-95.478,-95.558,-95.45,-95.45,-95.466,-95.619,-95.494,-95.702,-95.695,-95.877,-95.999,-96.045,-96.111,-96.227,-96.25,-96.168,-96.324,-96.438,-96.687,-96.552,-96.763,-96.792,-96.96,-96.936,-97.02,-97.061,-97.033,-97.238,-97.217,-97.236,-97.474,-97.552,-97.593,-97.627,-97.764,-97.923,-98.127,-98.181,-98.127,-98.167,-98.261,-98.338,-98.282,-98.245,-98.345,-98.523,-98.508,-98.455,-98.502,-98.574,-98.603,-98.657,-98.64,-98.485,-98.572,-98.762,-98.884,-98.77
-16.76,-16.891,-17.036,-17.513,-17.865,-18.047,-18.652,-19.031,-19.567,-20.12,-20.642,-21.254,-21.649,-22.648,-23.472,-24.355,-24.884,-25.851,-26.679,-27.549,-28.461,-29.324,-29.956,-30.78,-31.664,-32.157,-33.052,-34.087,-34.528,-35.517,-36.206,-36.83,-37.376,-37.958,-38.911,-39.68,-40.339,-41.213,-41.709,-42.543,-43.039,-43.914,-44.709,-45.098,-46.15,-46.618,-47.746,-48.424,-49.111,-49.839,-50.618,-51.62,-52.325,-53.261,-53.746,-55.016,-55.865,-56.82,-57.726,-58.4,-58.891,-59.724,-60.437,-61.191,-61.77,-62.169,-63.005,-63.452,-64.275,-64.782,-65.192,-65.772,-66.302,-66.879,-67.135,-67.719,-68.25,-68.89,-69.037,-69.529,-70.15,-70.433,-71.134,-71.533,-72.164,-72.636,-73.102,-73.718,-74.342,-74.932,-75.678,-75.698,-76.449,-77.036,-77.475,-77.615,-78.106,-78.621,-79.083,-79.524,-80.134,-80.103,-81.045,-81.53,-81.76,-82.267,-82.61,-83.038,-83.51,-83.892,-84.021,-84.83,-85.01,-85.294,-85.747,-85.926,-86.31,-86.453,-86.755,-87.113,-87.21,-87.495,-87.706,-88.114,-88.444,-88.623,-88.769,-89.197,-89.289,-89.574,-89.897,-89.873,-90.145,-90.378,-90.622,-90.741,-91.205,-91.241,-91.287,-91.564,-91.85,-91.84,-91.953,-91.971,-91.876,-92.262,-92.426,-92.463,-92.459,-92.731,-92.816,-92.601,-92.675,-92.887,-92.974,-93.042,-93.188,-93.297,-93.209,-93.281,-93.463,-93.329,-93.402,-93.651,-93.606,-93.613,-93.678,-93.674,-93.518,-93.644,-93.468,-93.391,-93.489,-93.286,-93.187,-92.936,-92.885,-92.699,-92.723,-92.581,-92.361,-92.346,-92.193,-92.001,-92.049,-91.851,-91.938,-91.882,-91.84,-91.556,-91.586,-91.346,-91.268,-91.069,-91.129,-90.858,-90.826,-90.658,-90.552,-90.379,-90.331,-90.458,-90.155,-90.284,-90.12,-89.966,-90.15,-90.021,-89.92,-89.589,-89.744,-89.636,-89.337,-89.241,-89.196,-89.038,-88.79,-88.927,-88.732,-88.862,-88.567,-88.543,-88.445,-88.271,-88.26,-88.257,-87.873,-87.681,-87.659,-87.798,-87.456,-87.46,-87.112,-87.242,-87.062,-87.136,-86.892,-86.921,-86.749,-86.43,-86.288
4.8497,4.4982,4.3495,4.1233,3.5759,3.142,2.8032,1.9453,1.2844,0.45812,-0.19312,-1.3411,-2.1004,-3.4004,-4.3219,-5.4043,-6.6703,-7.8638,-8.9012,-10.418,-11.372,-12.488,-13.996,-14.6,-16.116,-17.082,-18.177,-19.312,-20.411,-21.257,-22.421,-23.31,-24.249,-24.919,-25.953,-26.812,-27.495,-28.366,-29.403,-30.056,-30.931,-31.774,-32.374,-33.291,-34.051,-34.915,-35.911,-36.446,-37.442,-38.114,-38.973,-39.942,-40.461,-41.456,-42.2,-42.847,-44.008,-44.741,-45.482,-46.492,-47.202,-47.923,-49.087,-49.433,-50.387,-51.049,-51.771,-52.543,-53.14,-53.775,-54.615,-55.17,-55.837,-56.486,-57.221,-57.639,-58.448,-59.117,-59.845,-60.508,-61.233,-61.836,-62.605,-63.501,-63.768,-64.758,-65.374,-65.687,-66.465,-66.878,-67.503,-67.833,-68.371,-68.73,-69.059,-69.226,-69.702,-69.85,-70.347,-70.737,-71.203,-71.293,-71.742,-72.082,-72.311,-72.591,-72.83,-73.017,-73.419,-73.699,-73.869,-74.089,-74.394,-74.679,-75.115,-75.33,-75.668,-76.013,-76.378,-76.781,-76.958,-76.871,-77.118,-77.326,-77.476,-77.801,-77.982,-78.171,-78.479,-78.454,-78.568,-79.089,-79.002,-79.331,-79.524,-79.518,-79.917,-79.718,-80.249,-80.199,-80.609,-80.707,-81.018,-81.346,-81.676,-81.709,-82.175,-82.559,-82.835,-83.012,-83.706,-83.602,-83.849,-84.021,-84.012,-84.132,-84.038,-84.362,-84.372,-84.628,-84.538,-84.726,-84.908,-85.064,-84.95,-85.374,-85.354,-85.371,-85.646,-85.712,-85.864,-85.988,-86.246,-86.247,-86.458,-86.446,-86.683,-86.889,-87.347,-87.527,-87.747,-88.127,-88.5,-88.851,-88.92,-89.239,-89.208,-89.33,-89.438,-89.757,-89.731,-89.895,-90.038,-90.497,-90.645,-90.573,-90.858,-90.953,-91.294,-91.32,-91.642,-91.677,-91.853,-92.204,-92.467,-92.474,-92.5,-92.697,-92.624,-92.972,-93.251,-92.845,-93.081,-93.329,-93.414,-93.624,-93.811,-93.92,-94.182,-94.506,-94.361,-94.665,-94.665,-94.736,-94.848,-94.954,-95.347,-95.148,-95.588,-95.649,-96.209,-96.562,-96.656,-96.988,-97.176,-97.4,-97.347,-97.49,-97.693,-97.955,-97.891
-18.506,-18.582,-18.437,-18.786,-19.053,-19.534,-19.951,-20.291,-20.92,-21.2,-21.676,-22.001,-22.874,-23.5,-24.083,-24.69,-25.415,-25.978,-26.696,-27.281,-27.771,-28.414,-29.069,-29.765,-30.231,-30.988,-31.626,-32.029,-32.912,-33.391,-33.822,-34.257,-34.697,-35.333,-35.844,-36.354,-36.806,-37.457,-38.028,-38.426,-39.058,-39.516,-39.939,-40.599,-41.354,-41.64,-42.298,-42.75,-43.452,-43.854,-44.348,-44.951,-45.413,-45.926,-46.546,-47.094,-47.626,-48.054,-48.785,-49.157,-49.626,-50.192,-50.775,-51.344,-51.749,-52.284,-52.801,-53.223,-53.793,-54.264,-54.671,-55.398,-55.777,-56.343,-56.73,-57.289,-58.021,-58.279,-58.834,-59.415,-59.867,-60.353,-60.747,-61.132,-61.485,-62.177,-62.762,-63.205,-63.531,-64.038,-64.392,-64.87,-65.416,-66.048,-66.484,-66.862,-67.576,-67.985,-68.52,-69.228,-69.717,-70.107,-70.611,-71.046,-71.511,-72.151,-72.521,-72.861,-73.31,-73.585,-74.052,-74.482,-74.646,-75.225,-75.656,-76.044,-76.493,-76.86,-77.156,-77.469,-77.891,-78.367,-78.741,-79.193,-79.601,-79.642,-80.056,-80.556,-80.786,-80.899,-81.351,-81.72,-82.095,-82.386,-82.635,-82.78,-83.094,-83.587,-83.836,-84.026,-84.396,-84.78,-85.001,-85.24,-85.483,-85.604,-85.98,-86.182,-86.462,-86.866,-86.976,-87.235,-87.523,-87.861,-88.248,-88.541,-88.707,-88.988,-89.01,-89.439,-89.743,-89.923,-90.263,-90.521,-90.768,-91,-91.276,-91.384,-91.528,-91.833,-92.025,-92.147,-92.202,-92.184,-92.623,-92.895,-93.029,-93.231,-93.166,-93.331,-93.425,-93.683,-93.896,-93.857,-93.94,-94.012,-94.103,-94.406,-94.534,-94.586,-94.588,-94.777,-94.753,-94.985,-94.868,-94.969,-95.418,-95.319,-95.408,-95.375,-95.367,-95.4,-95.647,-95.593,-95.621,-95.763,-96.104,-95.947,-95.851,-96.049,-96.133,-96.059,-96.193,-96.207,-96,-96.31,-96.314,-96.47,-96.463,-96.531,-96.411,-96.319,-96.349,-96.269,-96.342,-96.414,-96.48,-96.484,-96.487,-96.488,-96.46,-96.423,-96.533,-96.523,-96.558,-96.446,-96.432,-96.565,-96.442,-96.525,-96.496
-4.7297,-4.6234,-4.6564,-4.7929,-4.9452,-5.3377,-5.4088,-5.987,-6.0224,-6.7801,-7.2165,-7.8946,-8.305,-8.9365,-9.7519,-10.144,-10.612,-11.429,-12.367,-13.235,-13.97,-14.528,-15.225,-16.239,-17.11,-17.922,-18.921,-19.928,-20.829,-22.062,-22.757,-23.629,-24.889,-25.647,-26.363,-27.235,-28.403,-29.434,-30.325,-31.227,-32.447,-33.434,-34.631,-35.584,-36.913,-37.882,-38.932,-40.108,-41.15,-42.066,-43.22,-44.385,-45.219,-46.521,-47.538,-48.314,-49.451,-50.445,-51.566,-52.635,-53.561,-54.641,-55.727,-56.645,-57.757,-58.593,-59.758,-60.61,-61.62,-62.788,-63.631,-64.782,-65.611,-66.75,-67.63,-68.246,-69.218,-70.085,-70.794,-71.919,-72.52,-73.443,-74.231,-75.033,-76.069,-76.783,-77.56,-78.285,-78.973,-79.934,-80.436,-81.539,-81.984,-82.8,-83.485,-84.252,-84.793,-85.5,-86.201,-87.112,-87.612,-88.305,-88.775,-89.271,-89.929,-90.54,-90.927,-91.621,-92.199,-92.759,-93.116,-93.695,-94.16,-94.252,-94.833,-95.205,-95.459,-95.915,-96.169,-96.529,-96.741,-97.095,-97.524,-97.412,-97.983,-98.233,-98.428,-98.522,-98.901,-98.968,-98.941,-99.043,-99.225,-99.416,-99.465,-99.581,-99.689,-99.612,-99.685,-99.546,-99.416,-99.546,-99.55,-99.497,-99.43,-99.287,-99.23,-99.099,-99.041,-99.078,-99.12,-98.895,-98.746,-98.554,-98.318,-98.46,-98.206,-98.164,-97.855,-97.641,-97.511,-97.422,-97.088,-96.948,-96.88,-96.726,-96.31,-96.167,-96.077,-96.208,-95.969,-95.635,-95.574,-95.357,-95.351,-95.125,-94.802,-94.812,-94.693,-94.517,-94.337,-93.965,-94.143,-93.995,-93.521,-93.58,-93.393,-93.303,-92.966,-93.022,-92.623,-92.432,-92.375,-92.458,-92.209,-92.064,-91.928,-91.737,-91.65,-91.681,-91.427,-91.353,-91.252,-91.167,-91.092,-90.893,-90.873,-90.862,-90.685,-90.475,-90.525,-90.238,-90.465,-90.256,-90.441,-90.592,-90.55,-90.299,-90.193,-90.29,-90.146,-90.143,-89.926,-90.138,-90.061,-89.839,-89.93,-89.827,-89.724,-89.548,-89.738,-89.754,-89.89,-89.696,-89.749,-89.974,-89.713,-89.796,-89.925,-89.837,-89.902
-4.5859,-4.6333,-4.8478,-4.9851,-5.1093,-5.4596,-6.1605,-6.6538,-7.3207,-7.8542,-8.6331,-9.6354,-10.102,-11.3,-12,-13.051,-13.942,-15.015,-15.889,-16.934,-18.002,-19.03,-20.181,-21.249,-22.038,-23.265,-24.377,-25.359,-26.193,-27.32,-28.339,-29.402,-30.401,-31.539,-32.672,-33.495,-34.393,-35.717,-36.834,-37.68,-38.858,-39.736,-40.838,-41.751,-42.915,-43.968,-44.924,-45.829,-46.895,-47.749,-48.901,-49.896,-50.777,-51.627,-52.509,-53.549,-54.49,-55.208,-56.251,-57.057,-58.306,-59.007,-59.768,-60.589,-61.635,-62.321,-62.985,-63.796,-64.576,-65.317,-65.993,-66.693,-67.636,-68.125,-68.743,-69.535,-70.184,-70.737,-71.449,-72.05,-72.96,-73.482,-74.207,-74.748,-75.437,-75.977,-76.433,-76.966,-77.514,-78.085,-78.576,-79.131,-79.87,-80.37,-80.786,-80.951,-81.411,-81.93,-82.507,-82.688,-83.097,-83.447,-84.056,-84.291,-84.652,-84.993,-85.299,-85.826,-86.187,-86.512,-86.682,-86.841,-87.299,-87.592,-87.81,-87.962,-88.235,-88.35,-88.52,-88.974,-88.888,-89.132,-89.235,-89.416,-89.883,-90.043,-90.173,-90.458,-90.211,-90.591,-90.755,-90.818,-91.097,-91.027,-91.121,-91.467,-91.463,-91.738,-91.73,-91.816,-92.126,-92.209,-92.189,-92.283,-92.355,-92.534,-92.594,-92.776,-92.649,-92.869,-92.976,-92.977,-93.13,-93.05,-93.014,-92.83,-92.962,-93.192,-93.253,-92.859,-92.893,-93.033,-92.799,-92.817,-92.722,-92.686,-92.82,-92.632,-92.629,-92.677,-92.752,-92.733,-92.696,-92.682,-92.692,-92.918,-92.832,-93.105,-92.956,-93.034,-93.17,-93.196,-93.184,-93.408,-93.509,-93.553,-93.557,-93.639,-93.678,-93.816,-93.884,-94.102,-94.148,-93.97,-94.149,-94.336,-94.409,-94.523,-94.581,-94.725,-94.624,-94.733,-94.715,-94.682,-94.816,-95.016,-95.011,-95.116,-95.093,-95.104,-95.29,-95.411,-95.292,-95.373,-95.559,-95.619,-95.687,-95.774,-95.781,-95.813,-95.936,-96.111,-96.185,-96.278,-96.338,-96.322,-96.643,-96.446,-96.62,-96.671,-96.677,-96.684,-96.605,-96.487,-96.509,-96.579,-96.742,-96.848,-96.861,-96.866,-97.179
-0.47122,-0.5581,-0.84369,-0.8515,-1.283,-1.7246,-2.0219,-2.7568,-3.6591,-4.4054,-4.9994,-6.0235,-6.9214,-7.5669,-8.5965,-9.3067,-10.201,-10.988,-12.035,-12.844,-13.864,-14.918,-16.078,-16.921,-18.18,-19.497,-20.437,-21.533,-22.516,-23.864,-25.146,-26.664,-27.785,-29.329,-30.456,-31.781,-33.022,-34.314,-35.622,-36.775,-37.874,-38.834,-39.881,-41.49,-42.238,-43.466,-44.776,-45.738,-46.664,-47.734,-48.559,-49.589,-50.231,-51.27,-52.32,-53.042,-53.929,-54.756,-55.656,-56.765,-57.606,-58.227,-59.162,-60.002,-60.739,-61.339,-62.278,-63.001,-63.726,-64.719,-65.38,-66.037,-66.786,-67.643,-68.163,-69.137,-69.711,-70.187,-70.893,-71.42,-71.812,-72.402,-73.107,-73.488,-73.982,-74.491,-75.16,-75.98,-76.432,-76.91,-77.35,-77.762,-78.045,-78.509,-79.04,-79.45,-79.627,-80.096,-80.803,-81.358,-81.991,-82.274,-82.634,-83.084,-83.504,-84.064,-84.601,-85.208,-85.322,-85.706,-86.107,-86.503,-87.02,-87.197,-87.504,-88.059,-88.184,-88.582,-88.992,-89.465,-89.667,-89.796,-90.027,-90.12,-90.406,-90.531,-90.624,-90.935,-91.064,-91.279,-91.264,-91.704,-91.807,-91.832,-92.154,-92.448,-92.574,-92.77,-92.998,-92.9,-93.472,-93.469,-93.875,-94.01,-94.28,-94.511,-94.597,-94.716,-94.769,-94.928,-95.41,-95.501,-95.703,-95.706,-95.963,-96.093,-96.428,-96.642,-96.866,-96.756,-96.938,-97.175,-97.631,-97.739,-97.533,-97.804,-98.109,-98.429,-98.277,-98.279,-98.484,-98.893,-99.137,-99.346,-99.367,-99.643,-99.757,-100.05,-100.17,-100.23,-100.58,-100.39,-100.41,-100.51,-100.72,-100.95,-101.2,-100.99,-101.37,-101.44,-101.36,-101.48,-101.8,-102.08,-102.51,-102.42,-102.62,-102.88,-102.91,-103.24,-103.71,-103.61,-103.66,-103.91,-103.77,-103.97,-104.2,-104.08,-104.43,-104.45,-104.92,-104.95,-104.88,-105.09,-104.92,-104.97,-105.05,-105,-104.87,-105.1,-105.04,-105.2,-105.15,-104.91,-104.93,-104.95,-104.91,-105.04,-104.95,-105.05,-104.87,-105,-105.12,-105.09,-105.09,-105.04,-104.99,-105.15,-104.98,-104.92,-104.87
-5.6666,-5.7496,-5.4047,-5.3401,-5.7808,-5.8209,-5.9516,-6.4346,-6.7383,-7.1037,-7.5975,-8.0444,-8.5239,-8.8756,-9.4933,-10.165,-11.183,-11.554,-12.28,-13.142,-13.746,-14.462,-15.455,-16.169,-17.168,-17.714,-18.534,-19.191,-19.727,-20.563,-21.146,-22.046,-22.513,-22.96,-23.474,-23.924,-24.601,-25.219,-25.726,-26.009,-26.766,-27.344,-27.914,-28.412,-28.856,-29.961,-30.347,-30.766,-31.575,-31.995,-32.778,-33.325,-33.684,-34.428,-34.899,-35.366,-36.169,-36.63,-37.043,-37.851,-38.4,-38.368,-39.191,-39.886,-40.443,-40.812,-41.366,-42.12,-42.786,-43.214,-43.779,-44.611,-44.967,-45.521,-46.124,-46.635,-46.986,-47.681,-48.057,-48.72,-49.144,-49.768,-50.162,-50.961,-51.255,-51.919,-52.215,-52.598,-53.074,-53.883,-54.116,-54.779,-55.142,-55.898,-56.209,-56.944,-56.893,-57.451,-58.005,-58.293,-59.024,-59.444,-59.585,-60.233,-60.719,-61.121,-61.614,-61.916,-62.585,-63.156,-63.516,-63.968,-64.196,-64.653,-65.171,-65.283,-65.876,-66.212,-66.834,-66.881,-67.433,-67.783,-68.473,-68.702,-68.922,-69.584,-70.159,-70.375,-71.028,-71.357,-71.875,-72.298,-72.476,-73.243,-73.369,-74.164,-74.641,-75.039,-75.564,-75.838,-76.442,-76.445,-77.08,-77.369,-78.034,-78.458,-78.663,-79.142,-79.376,-79.549,-80.012,-80.422,-80.554,-80.694,-81.282,-81.508,-81.83,-81.736,-82.419,-82.724,-83.085,-83.337,-83.723,-83.974,-84.139,-84.508,-84.324,-84.617,-85.24,-84.996,-85.313,-85.734,-85.62,-85.954,-85.766,-86.429,-86.619,-86.569,-86.865,-87.093,-87.493,-87.567,-87.7,-87.905,-87.988,-88.272,-88.175,-88.757,-89.092,-89.097,-89.314,-89.734,-89.42,-89.834,-89.693,-90.078,-90.33,-90.269,-90.398,-90.545,-90.744,-91.059,-91.093,-91.16,-91.381,-91.705,-91.591,-92.08,-91.905,-92.013,-92.26,-92.599,-92.672,-92.666,-92.621,-92.772,-93.182,-93.306,-93.481,-93.591,-93.876,-93.859,-94.342,-94.382,-94.816,-94.871,-94.71,-95.13,-94.998,-95.269,-95.351,-95.618,-95.555,-95.964,-96.299,-96.098,-96.099,-96.501,-96.731,-96.921,-96.804
2.6536,2.6953,2.7881,2.8629,2.4825,2.2863,1.8288,1.3309,0.78362,0.28654,-0.012122,-0.71388,-1.5655,-2.4535,-3.2064,-4.1586,-5.3138,-6.1815,-6.9176,-7.9771,-8.732,-9.7668,-10.559,-11.467,-12.678,-13.804,-14.53,-16.1,-16.991,-18.159,-19.218,-20.415,-21.662,-22.869,-23.888,-24.957,-26.33,-27.278,-28.366,-29.582,-30.918,-32.142,-33.105,-34.439,-35.43,-36.738,-38.005,-38.782,-39.961,-41.037,-41.966,-42.635,-43.564,-44.481,-45.273,-46.21,-46.76,-47.894,-48.762,-49.725,-50.416,-51.165,-52.095,-52.801,-53.764,-54.306,-55.085,-56.068,-56.287,-57.257,-57.951,-58.793,-59.215,-59.646,-60.371,-61.061,-61.793,-62.46,-63.459,-64.107,-64.692,-65.326,-65.895,-66.685,-67.104,-68.058,-68.236,-68.986,-69.358,-70.174,-70.785,-71.192,-71.778,-72.395,-73.062,-73.58,-74.331,-75.03,-75.518,-76.148,-76.343,-76.582,-76.941,-77.425,-77.75,-78.173,-78.628,-78.713,-79.189,-79.158,-79.734,-79.893,-80.195,-80.414,-80.991,-80.876,-81.447,-81.687,-82.06,-82.178,-82.552,-82.695,-82.981,-82.971,-83.406,-83.735,-83.709,-83.875,-84.063,-84.246,-84.173,-84.366,-84.343,-84.581,-84.802,-84.761,-84.681,-84.593,-84.61,-84.721,-84.806,-84.818,-84.806,-84.983,-85.023,-84.663,-84.87,-84.862,-84.819,-84.648,-84.546,-84.722,-84.804,-84.806,-84.647,-84.663,-84.519,-84.627,-84.652,-84.795,-84.75,-84.434,-84.493,-84.431,-84.421,-84.375,-84.369,-84.547,-84.516,-84.363,-84.461,-84.43,-84.384,-84.398,-84.093,-84.011,-83.702,-83.782,-83.782,-83.755,-83.587,-83.773,-83.805,-83.842,-83.82,-83.573,-83.322,-83.397,-83.357,-83.343,-83.447,-83.307,-83.352,-83.366,-83.061,-83.06,-83.178,-82.976,-83.123,-83.115,-83.003,-83.171,-83.167,-83.154,-83.196,-83.339,-83.381,-83.479,-83.207,-83.674,-83.469,-83.378,-83.486,-83.349,-83.623,-83.308,-83.391,-83.621,-83.518,-83.555,-83.966,-83.775,-83.876,-83.885,-84.024,-84.066,-84.241,-83.887,-84.262,-84.084,-84.159,-84.349,-84.259,-84.331,-84.271,-84.283,-84.237,-84.245,-84.519,-84.446,-84.551
-1.0094,-0.70549,-1.0254,-1.234,-1.6519,-2.0717,-2.4579,-3.4144,-3.8794,-4.4396,-5.3585,-6.3956,-7.0189,-7.8971,-8.8226,-9.8235,-10.499,-11.66,-12.703,-13.597,-14.392,-15.46,-16.29,-17.358,-18.218,-19.147,-19.978,-20.813,-21.568,-22.567,-23.173,-24.166,-25.124,-25.828,-26.449,-27.385,-28.05,-28.758,-29.649,-30.432,-30.733,-31.691,-32.415,-33.334,-33.889,-34.521,-35.35,-36.214,-37.102,-37.568,-38.364,-39.045,-40.174,-40.518,-41.34,-41.894,-42.59,-43.262,-44.017,-44.601,-45.429,-45.721,-46.537,-46.79,-47.631,-48.342,-48.559,-49.264,-49.75,-50.367,-50.879,-51.267,-51.898,-52.444,-53.086,-53.422,-53.983,-54.508,-54.951,-55.576,-56.035,-56.478,-57.096,-57.581,-57.966,-58.519,-58.915,-59.393,-60.06,-60.498,-60.945,-61.396,-62.003,-62.276,-62.795,-63.194,-63.597,-64.276,-64.681,-65.109,-65.446,-65.916,-66.294,-66.879,-67.211,-67.5,-67.766,-68.067,-68.535,-68.891,-69.325,-69.866,-70.074,-70.435,-70.724,-71.387,-71.524,-71.935,-72.168,-72.764,-73.065,-73.335,-73.722,-74.062,-74.347,-74.704,-74.704,-74.791,-75.2,-75.509,-75.778,-76.119,-76.354,-76.926,-76.792,-77.298,-77.234,-77.518,-77.633,-77.736,-78.147,-78.297,-78.283,-78.561,-78.591,-78.988,-78.988,-79.083,-79.472,-79.609,-79.61,-79.81,-79.966,-79.79,-80.028,-80.044,-80.174,-80.367,-80.506,-80.535,-80.697,-80.888,-80.889,-80.853,-81.027,-81.127,-81.21,-81.358,-81.693,-81.861,-81.964,-82.034,-82.327,-82.399,-82.427,-82.463,-82.518,-82.629,-82.821,-82.878,-82.991,-83.016,-82.894,-83.212,-83.211,-83.08,-83.102,-83.196,-83.434,-83.409,-83.482,-83.613,-83.618,-83.752,-84.045,-84.098,-84.295,-84.474,-84.451,-84.539,-84.717,-84.647,-84.856,-84.889,-84.939,-85.087,-85.18,-85.221,-85.354,-85.287,-85.313,-85.171,-85.481,-85.369,-85.281,-85.392,-85.58,-85.622,-85.776,-85.506,-85.732,-85.723,-85.994,-85.938,-86.026,-86.136,-85.964,-86.062,-85.975,-85.712,-86.03,-86.023,-86.006,-85.714,-86.018,-85.959,-85.933,-86.077,-86.216,-86.373,-86.325
-17.656,-17.867,-17.781,-17.667,-18.153,-18.105,-18.356,-18.721,-18.997,-19.28,-19.954,-20.491,-20.939,-21.372,-22,-22.731,-23.323,-23.839,-24.549,-25.019,-25.619,-26.252,-27.326,-27.552,-28.033,-29.121,-29.617,-30.335,-31.07,-31.667,-32.354,-32.991,-33.681,-34.586,-35.094,-35.889,-36.443,-37.019,-37.907,-38.429,-39.353,-40.093,-40.748,-41.367,-42.086,-42.893,-43.591,-44.319,-45.104,-45.765,-46.629,-47.372,-47.872,-48.671,-49.212,-49.974,-50.61,-51.542,-52.105,-52.695,-53.652,-54.05,-54.986,-55.593,-56.437,-57.099,-57.946,-58.761,-59.491,-60.154,-60.912,-61.498,-62.196,-63.005,-63.704,-64.547,-65.317,-65.851,-66.486,-67.408,-68.166,-69.108,-69.686,-70.405,-71.107,-71.85,-72.418,-73.108,-73.743,-74.298,-75,-75.728,-76.496,-77.131,-77.861,-78.337,-79.092,-79.808,-80.455,-80.875,-81.567,-82.138,-82.586,-83.3,-83.696,-84.271,-84.915,-85.342,-85.932,-86.477,-87.035,-87.679,-88.069,-88.696,-89.313,-89.732,-90.201,-90.942,-91.38,-91.84,-92.521,-92.798,-93.372,-93.836,-94.307,-94.718,-95.266,-95.685,-96.118,-96.389,-97.111,-97.324,-97.925,-98.489,-98.782,-99.064,-99.491,-99.776,-100.18,-100.67,-101.02,-101.48,-101.92,-102.08,-102.4,-102.74,-103.16,-103.36,-103.73,-104.12,-104.36,-104.79,-105,-105.16,-105.35,-105.41,-105.86,-106.03,-106.19,-106.56,-106.7,-106.77,-106.98,-106.99,-107.22,-107.34,-107.45,-107.45,-107.64,-107.62,-107.8,-107.77,-107.99,-108.01,-108.18,-108.05,-108.17,-108.27,-108.42,-108.3,-108.28,-108.69,-108.68,-108.66,-108.76,-108.7,-108.86,-108.75,-108.7,-109.04,-108.97,-108.81,-108.86,-108.95,-108.89,-109.14,-109.23,-109.07,-109.19,-109.06,-109.11,-109.16,-109.11,-109.1,-109.15,-109.29,-109.23,-109.28,-109.33,-109.04,-109.1,-109.02,-109.1,-109.11,-108.8,-108.95,-108.91,-108.92,-108.86,-108.69,-108.79,-108.55,-108.62,-108.54,-108.64,-108.46,-108.45,-108.27,-108.32,-108.65,-108.26,-108.12,-108.4,-108.21,-108.31,-108.19,-107.99,-108.06,-107.71,-107.62,-107.72
-8.8531,-9.2358,-9.5076,-9.8869,-10.256,-11.037,-11.252,-12.388,-12.246,-13.066,-13.889,-14.745,-15.289,-16.023,-16.825,-17.911,-18.61,-19.747,-20.748,-21.61,-21.983,-23.238,-24.054,-24.939,-25.575,-25.94,-27.181,-28.406,-29.27,-30.525,-31.092,-31.782,-33.149,-34.353,-34.837,-35.617,-36.544,-37.244,-38.016,-39.146,-39.765,-40.945,-41.613,-42.77,-43.541,-44.581,-45.521,-46.428,-47.483,-48.18,-48.897,-49.869,-50.231,-51.326,-51.941,-52.79,-53.211,-53.749,-54.616,-55.37,-55.785,-56.625,-57.109,-57.769,-58.547,-59.166,-59.968,-60.879,-61.655,-62.289,-62.319,-63.302,-63.955,-64.721,-65.432,-65.983,-66.709,-67.378,-68.077,-69.141,-69.96,-70.539,-71.124,-72.209,-72.691,-73.517,-74.184,-75,-75.818,-76.496,-76.911,-77.765,-78.547,-79.103,-79.799,-80.401,-81.268,-81.668,-82.376,-82.909,-83.428,-84.103,-84.495,-85.16,-85.638,-86.312,-86.712,-87.396,-87.853,-88.502,-89.057,-89.757,-90.03,-90.402,-90.616,-91.359,-91.987,-92.098,-92.402,-92.865,-93.424,-93.572,-93.563,-94.434,-94.593,-95.07,-95.742,-96.15,-96.681,-97.423,-97.929,-98.455,-99.089,-99.682,-100.01,-100.31,-100.78,-101.1,-101.56,-101.72,-102.49,-102.92,-103.18,-103.14,-103.64,-103.92,-104.22,-104.13,-105,-105.08,-105.39,-105.34,-105.75,-105.9,-106.47,-106.43,-106.98,-107.27,-107.58,-107.57,-108.02,-108.3,-108.68,-108.76,-108.94,-109.49,-109.51,-109.85,-109.92,-109.97,-110.04,-110.09,-110.25,-110.28,-110.09,-110.17,-110.42,-110.23,-110.37,-110.38,-110.57,-110.74,-110.75,-110.87,-110.81,-110.98,-110.7,-110.94,-110.76,-110.99,-110.86,-111.06,-110.73,-110.66,-110.59,-110.63,-110.61,-110.76,-110.4,-110.65,-110.16,-110.37,-110.31,-110.03,-110.24,-110.23,-110.09,-110.09,-109.91,-109.95,-109.81,-109.91,-109.81,-110.17,-110.18,-110.13,-110.19,-110.55,-110.72,-110.67,-110.47,-110.44,-110.7,-110.62,-110.79,-110.67,-110.64,-110.52,-110.44,-110.39,-110.17,-110.14,-110.05,-109.88,-110.3,-110.14,-109.89,-109.92,-110.6,-109.95,-110.31
-12.586,-12.59,-12.709,-12.951,-13.392,-14.029,-14.547,-14.977,-15.814,-16.688,-17.665,-18.143,-19.037,-19.884,-20.81,-21.753,-22.884,-23.661,-25.29,-26.177,-26.853,-28.197,-29.221,-30.168,-31.076,-32.219,-33.03,-33.896,-34.872,-35.845,-36.418,-37.312,-38.563,-39.375,-40.24,-41.099,-41.952,-42.908,-44.192,-45.22,-46.283,-47.209,-48.278,-49.295,-50.105,-50.859,-52.304,-53.086,-53.932,-54.695,-55.625,-56.452,-57.59,-58.274,-59.043,-60.073,-60.795,-61.697,-62.876,-63.421,-64.354,-64.875,-65.637,-66.552,-67.25,-68.222,-68.876,-69.828,-70.086,-71.193,-71.786,-72.279,-73.097,-73.853,-74.563,-75.368,-75.923,-76.529,-77.223,-77.781,-78.453,-79.224,-79.906,-80.406,-81.148,-81.605,-82.222,-82.98,-83.765,-84.145,-84.91,-85.5,-85.861,-86.495,-87.339,-87.85,-88.379,-88.884,-89.533,-89.818,-90.579,-91.058,-91.834,-92.195,-92.314,-93.126,-93.512,-93.871,-94.479,-94.86,-95.308,-95.843,-96.296,-96.243,-96.586,-97.203,-97.784,-97.937,-98.7,-99.177,-99.404,-99.364,-99.76,-100.21,-100.38,-100.62,-100.6,-100.76,-101.06,-101.65,-102.11,-102.46,-102.49,-102.98,-103.34,-103.63,-103.69,-104.11,-104.14,-104.35,-104.39,-104.41,-104.82,-105.18,-105.28,-105.34,-105.85,-105.83,-106.29,-106.44,-106.41,-106.47,-106.88,-106.85,-107.11,-107.16,-107.21,-107.39,-107.46,-107.59,-107.81,-107.96,-107.98,-108.03,-108.12,-108.38,-108.77,-108.73,-108.89,-109.07,-109.19,-109.33,-109.5,-109.56,-109.67,-109.26,-109.31,-109.57,-109.59,-109.61,-109.72,-109.8,-109.76,-109.71,-109.77,-109.56,-109.73,-109.39,-109.59,-109.67,-109.46,-109.71,-109.74,-109.78,-109.69,-109.63,-109.75,-109.61,-109.77,-109.52,-109.69,-109.61,-109.69,-109.65,-109.74,-109.64,-109.58,-109.56,-109.59,-109.32,-109.14,-108.92,-108.87,-108.91,-108.81,-108.63,-108.45,-108.4,-108.44,-108.11,-108.02,-107.98,-108,-107.78,-107.63,-107.31,-107.32,-107.36,-107.3,-107.26,-107.21,-107.32,-106.87,-106.75,-106.83,-106.59,-106.64,-106.66,-106.23,-106.43,-106.16
